player_id,first_name,last_name,phone_number,email,date_of_birth,join_date
1,Erie,Sent,618-612-2507,esent0@umich.edu,2/19/01,12/14/93
2,Clarette,Sperwell,301-573-5149,csperwell1@skype.com,2/18/76,5/13/83
3,Scotti,Jacomb,850-418-9510,sjacomb2@sphinn.com,1/7/02,6/10/90
4,Griff,Moncrieffe,772-259-0378,gmoncrieffe3@cdc.gov,12/20/62,10/29/71
5,Zerk,Di Batista,759-397-4691,zdibatista4@wikipedia.org,12/25/80,2/19/08
6,Eldredge,Butterfill,283-674-5073,ebutterfill5@cnet.com,4/29/53,1/9/93
7,Rebeca,Besse,795-250-4112,rbesse6@nba.com,4/19/00,9/14/12
8,Dina,Plevey,508-768-5313,dplevey7@jugem.jp,2/14/86,1/15/07
9,Mari,Fronsek,618-843-6988,mfronsek8@howstuffworks.com,7/30/80,4/13/89
10,Georgeanna,Godlip,954-191-0524,ggodlip9@engadget.com,3/10/52,8/1/90
11,Silvan,Kendrew,813-628-9354,skendrewa@tripod.com,4/6/74,11/1/71
12,Lyle,Byas,652-899-9396,lbyasb@ucla.edu,12/2/94,10/30/73
13,Brunhilda,Benedicto,661-172-1188,bbenedictoc@mtv.com,7/31/84,3/15/93
14,Carroll,Sotheby,684-510-0414,csothebyd@goodreads.com,1/10/59,7/17/83
15,Rose,Baugh,598-206-4447,rbaughe@fda.gov,5/12/76,3/15/92
16,Gordon,Grube,332-459-0233,ggrubef@indiegogo.com,6/3/59,9/1/99
17,Kakalina,Staples,767-602-9603,kstaplesg@mlb.com,9/14/66,10/4/82
18,Luca,Daspar,951-956-9618,ldasparh@netscape.com,5/12/80,9/3/15
19,Glenna,Walklate,590-299-9802,gwalklatei@cocolog-nifty.com,10/19/99,8/4/83
20,Mira,Gaythwaite,734-979-6465,mgaythwaitej@uol.com.br,5/13/69,5/17/13
21,Joe,Leggin,237-414-5359,jleggink@usgs.gov,4/11/57,8/6/10
22,Lynn,Scown,824-420-8724,lscownl@reverbnation.com,3/31/02,2/2/20
23,Almire,Butcher,142-828-5361,abutcherm@aol.com,8/1/76,6/2/17
24,Holden,Yewdale,220-775-1837,hyewdalen@plala.or.jp,11/4/81,9/9/94
25,Alexine,Chaplyn,829-273-2346,achaplyno@comcast.net,9/9/90,1/22/09
26,Hedvige,Brunone,109-423-9236,hbrunonep@google.com.hk,7/6/72,5/3/19
27,Rosella,Dymidowski,244-951-6976,rdymidowskiq@nifty.com,5/4/84,1/28/10
28,Page,Burchmore,547-101-7717,pburchmorer@com.com,9/13/85,9/2/93
29,Wyndham,Provis,131-275-3150,wproviss@nymag.com,9/20/56,5/21/79
30,Nelly,Brice,977-460-9701,nbricet@youku.com,8/3/53,11/6/76
31,Schuyler,Moehler,511-246-0496,smoehleru@blogtalkradio.com,10/31/51,1/8/88
32,Nata,Stitcher,100-508-8174,nstitcherv@sciencedirect.com,7/23/99,9/26/82
33,Christye,McGilvra,756-497-6301,cmcgilvraw@reuters.com,2/19/70,9/17/97
34,Mathew,Stillgoe,596-756-4682,mstillgoex@usda.gov,4/25/74,3/12/21
35,Muffin,Mound,878-724-0804,mmoundy@mayoclinic.com,10/15/63,12/5/98
36,Selle,Gager,635-567-8388,sgagerz@live.com,5/12/67,7/5/07
37,Toinette,McCritchie,156-710-9963,tmccritchie10@patch.com,10/21/70,7/28/10
38,Annelise,Shorie,844-557-8708,ashorie11@creativecommons.org,10/21/53,1/13/77
39,Beverie,Hinks,259-939-6235,bhinks12@deliciousdays.com,5/16/53,1/29/99
40,Lorenzo,Paulat,141-578-6011,lpaulat13@odnoklassniki.ru,10/30/77,9/15/92
41,Vanna,Basillon,399-574-9218,vbasillon14@barnesandnoble.com,9/3/76,2/5/95
42,Doroteya,Palister,279-644-7979,dpalister15@hatena.ne.jp,12/29/51,6/20/77
43,Goddart,Drought,121-322-9137,gdrought16@nps.gov,4/6/57,2/12/11
44,Galen,Took,849-398-8731,gtook17@privacy.gov.au,9/10/02,9/22/97
45,Nonie,Ertel,182-677-4019,nertel18@printfriendly.com,6/30/83,5/30/05
46,Gavra,Throssell,986-987-4618,gthrossell19@tripadvisor.com,12/3/01,5/8/02
47,Allyce,Roskell,380-693-8522,aroskell1a@typepad.com,1/15/87,7/31/98
48,Fabe,Mayhead,178-325-0297,fmayhead1b@independent.co.uk,1/1/04,1/10/76
49,Corabel,Revell,295-363-3081,crevell1c@plala.or.jp,9/29/89,1/29/87
50,Kelly,Rennix,525-902-0034,krennix1d@spiegel.de,7/26/67,10/18/81
51,Garnette,Mouth,546-522-4812,gmouth1e@archive.org,11/18/78,4/5/81
52,Emelyne,Yezafovich,160-583-1056,eyezafovich1f@jimdo.com,10/14/84,4/20/91
53,Stepha,Ravel,900-277-6064,sravel1g@elpais.com,2/25/76,1/19/91
54,Charmine,Withringten,120-375-3755,cwithringten1h@google.com.hk,5/18/54,11/29/88
55,Lottie,Thoumas,841-774-0203,lthoumas1i@walmart.com,7/8/52,12/16/22
56,Dianemarie,Coathup,720-742-5848,dcoathup1j@nymag.com,12/23/79,2/15/91
57,Kordula,Labrone,838-830-2112,klabrone1k@com.com,7/28/55,10/22/91
58,Jemmy,Havard,172-703-3037,jhavard1l@multiply.com,2/2/61,11/13/01
59,Steffi,Madrell,630-360-6011,smadrell1m@timesonline.co.uk,8/13/99,12/31/08
60,Brietta,Bruun,186-810-1820,bbruun1n@flavors.me,10/20/95,9/12/85
61,Al,Lebang,833-317-8829,alebang1o@g.co,4/14/84,1/26/83
62,Lilah,Aire,681-972-2090,laire1p@hostgator.com,3/22/98,8/26/20
63,Korie,Helliker,848-579-6637,khelliker1q@berkeley.edu,11/21/91,5/16/05
64,Estella,Peppard,910-844-2408,epeppard1r@techcrunch.com,12/4/50,9/12/83
65,Joice,Lowensohn,244-821-5222,jlowensohn1s@blogs.com,5/17/68,7/26/10
66,Miller,Lennon,983-316-3992,mlennon1t@mashable.com,8/6/54,2/27/72
67,Barney,Poel,357-550-7227,bpoel1u@soup.io,9/2/75,5/30/85
68,Joletta,Tripony,367-351-9963,jtripony1v@vimeo.com,4/28/62,10/10/99
69,Aylmar,Rampage,612-338-3193,arampage1w@ning.com,11/11/82,6/10/88
70,Bryna,Jellico,842-520-0022,bjellico1x@dropbox.com,7/16/76,10/16/01
71,Gertrudis,Ruste,741-291-9492,gruste1y@plala.or.jp,1/7/57,2/18/06
72,Kerby,Bigby,479-122-0326,kbigby1z@auda.org.au,2/16/57,1/8/01
73,Dorine,Toderini,733-778-5954,dtoderini20@friendfeed.com,10/6/66,5/15/01
74,Dody,Bricknell,533-580-7211,dbricknell21@skype.com,8/2/93,7/22/77
75,Ian,McTerrelly,747-136-5890,imcterrelly22@omniture.com,9/2/64,10/30/15
76,Stearn,Grunder,142-602-8423,sgrunder23@princeton.edu,4/21/51,8/21/99
77,Arri,Beevor,395-994-2411,abeevor24@apple.com,8/27/74,2/17/94
78,Galen,Penswick,882-526-5658,gpenswick25@state.tx.us,2/4/97,12/17/97
79,Roby,Brassington,377-750-9026,rbrassington26@freewebs.com,3/24/60,7/31/83
80,Tami,Skipping,978-834-8296,tskipping27@unblog.fr,2/26/03,7/13/00
81,Egan,Liptrod,806-863-0141,eliptrod28@cisco.com,4/4/56,10/22/85
82,Raf,Stitfall,817-473-6709,rstitfall29@miitbeian.gov.cn,12/4/93,3/23/22
83,Hali,Maplesden,312-847-3392,hmaplesden2a@biblegateway.com,1/28/52,1/18/19
84,Malissia,Fitzpayn,867-893-5529,mfitzpayn2b@creativecommons.org,10/12/72,1/9/93
85,Sonni,MacKibbon,407-224-5184,smackibbon2c@skype.com,10/21/91,8/29/99
86,Zack,Gyrgorwicx,607-582-8072,zgyrgorwicx2d@ucsd.edu,7/11/98,5/2/96
87,Helenelizabeth,Stoter,540-295-7764,hstoter2e@msu.edu,4/22/77,2/29/88
88,Babb,Ollcott,119-528-5282,bollcott2f@si.edu,2/8/83,10/7/76
89,Letti,Philbrook,990-277-5190,lphilbrook2g@godaddy.com,10/16/68,6/23/15
90,Cristine,Barrington,582-997-5906,cbarrington2h@tinyurl.com,11/11/55,9/7/13
91,Jasen,MacDaid,986-698-5060,jmacdaid2i@wikipedia.org,1/15/84,2/21/11
92,Gusti,Dreye,377-709-7632,gdreye2j@free.fr,9/17/00,3/10/86
93,Sallie,Calrow,390-722-7686,scalrow2k@sun.com,11/27/95,2/18/20
94,Sheilakathryn,Ferreira,257-673-7002,sferreira2l@harvard.edu,3/11/56,4/16/15
95,Ray,Hutchence,623-613-3448,rhutchence2m@weebly.com,11/14/89,7/13/20
96,Matelda,Scoyles,920-774-3601,mscoyles2n@yellowpages.com,5/15/67,10/5/08
97,Gloria,Wildsmith,525-475-8956,gwildsmith2o@adobe.com,8/6/01,5/24/00
98,Grady,Platfoot,407-229-7062,gplatfoot2p@multiply.com,5/13/94,7/10/23
99,Aubrey,Semour,665-962-3339,asemour2q@photobucket.com,5/8/73,7/18/06
100,Ahmed,Trobe,213-240-5437,atrobe2r@gizmodo.com,3/11/70,2/19/16
101,Rosaline,Quinsee,465-551-4679,rquinsee2s@amazon.com,11/21/52,3/1/91
102,Arabele,Wandrack,575-731-4325,awandrack2t@independent.co.uk,12/23/97,7/27/92
103,Fredelia,Arr,412-813-0695,farr2u@businessinsider.com,7/16/71,4/6/86
104,Ervin,Lindenman,572-642-7475,elindenman2v@cpanel.net,2/2/71,2/25/91
105,Leontine,Spilstead,571-824-4291,lspilstead2w@msn.com,4/28/83,1/14/77
106,Wendye,Murrison,511-478-2149,wmurrison2x@dedecms.com,7/11/81,7/18/78
107,Nowell,Garrals,583-769-6206,ngarrals2y@cnn.com,2/13/97,8/21/77
108,Gigi,Swindon,157-834-6242,gswindon2z@squarespace.com,2/4/72,10/16/84
109,Pryce,Camois,893-742-6465,pcamois30@earthlink.net,2/27/77,4/6/97
110,Anabel,Lashford,565-868-2478,alashford31@mapy.cz,11/21/61,12/28/82
111,Cinda,Alloway,672-675-4131,calloway32@unesco.org,7/9/78,3/1/24
112,Liz,Jedrachowicz,389-128-0558,ljedrachowicz33@youtu.be,10/12/87,6/8/20
113,Iosep,Tassell,577-696-5488,itassell34@alibaba.com,8/24/68,6/15/90
114,Ceciley,Pirrie,284-522-2932,cpirrie35@jigsy.com,9/7/94,11/4/14
115,Rey,Olliffe,793-344-7252,rolliffe36@shutterfly.com,4/4/51,5/9/90
116,Jenda,Wiggall,827-124-9679,jwiggall37@pinterest.com,10/7/57,12/19/99
117,Bertrando,Giraux,255-911-4078,bgiraux38@people.com.cn,12/3/03,5/21/03
118,Sherie,Rediers,796-536-1534,srediers39@ted.com,2/27/94,2/1/85
119,Ardine,Beedom,454-747-0283,abeedom3a@naver.com,12/11/85,12/10/04
120,Garry,Winborn,404-344-9494,gwinborn3b@yale.edu,2/4/63,8/20/17
121,Padget,Codron,925-711-7326,pcodron3c@baidu.com,4/12/85,3/24/80
122,Seymour,Hollibone,829-705-3164,shollibone3d@bing.com,4/16/73,9/21/05
123,Janeen,Bastard,757-237-1800,jbastard3e@yellowbook.com,1/7/59,2/19/87
124,Delbert,Laffan,255-916-4604,dlaffan3f@elpais.com,9/4/54,7/23/99
125,Enrica,Colly,710-502-0723,ecolly3g@google.com.br,2/28/79,5/15/73
126,Currey,Newlands,105-729-9208,cnewlands3h@yolasite.com,5/8/79,1/2/83
127,Tannie,Swendell,681-626-0789,tswendell3i@blogspot.com,10/3/53,1/6/15
128,Gregorio,Borton,314-916-8110,gborton3j@themeforest.net,4/2/69,12/5/73
129,Blisse,Deane,785-529-5786,bdeane3k@issuu.com,8/3/70,12/24/18
130,Ashbey,Elcy,651-239-4252,aelcy3l@free.fr,1/1/77,11/10/78
131,Gayle,Jochens,324-997-5319,gjochens3m@unesco.org,10/10/64,5/29/74
132,Kaitlynn,Monnery,411-972-5952,kmonnery3n@china.com.cn,11/10/65,5/3/17
133,Butch,Ricci,207-464-0637,bricci3o@utexas.edu,1/13/91,3/1/79
134,Carine,Zebedee,497-590-2094,czebedee3p@geocities.com,4/3/04,7/2/89
135,Rosemarie,Stenners,383-897-5987,rstenners3q@smh.com.au,12/3/59,9/30/94
136,Hussein,Murphy,153-977-0308,hmurphy3r@amazon.co.jp,10/26/55,2/3/74
137,Caresse,Furnival,286-736-1419,cfurnival3s@1688.com,1/9/00,8/29/97
138,Webster,Sherwin,542-601-0511,wsherwin3t@amazon.co.uk,3/14/99,9/17/95
139,Xaviera,Blanchard,356-142-9596,xblanchard3u@xinhuanet.com,6/5/70,8/15/80
140,Adelle,Wear,854-363-4536,awear3v@comsenz.com,4/24/60,9/29/89
141,Latrena,Rogliero,868-372-7928,lrogliero3w@opera.com,8/4/98,1/14/04
142,Rollin,Bettam,122-192-5886,rbettam3x@paginegialle.it,3/15/57,2/19/21
143,Robby,Rochester,932-239-6660,rrochester3y@over-blog.com,2/1/94,9/23/78
144,Perkin,Relton,469-465-5453,prelton3z@flickr.com,2/22/96,2/28/16
145,Danyelle,Pitkaithly,317-975-3702,dpitkaithly40@hc360.com,8/25/01,10/4/73
146,Ber,Lantry,863-805-0811,blantry41@rediff.com,1/10/54,6/11/22
147,Wye,Stafford,113-572-9155,wstafford42@diigo.com,8/11/65,4/6/74
148,Celina,Cisco,858-424-7141,ccisco43@uol.com.br,1/23/82,10/16/14
149,Phillie,Storr,372-170-7459,pstorr44@google.nl,1/11/65,10/28/17
150,Earl,Balint,488-330-4921,ebalint45@google.it,11/2/81,12/16/82
151,Renate,Kares,953-734-1095,rkares46@merriam-webster.com,5/22/96,7/9/16
152,Teddie,Jiruch,349-896-8434,tjiruch47@wired.com,3/31/64,5/31/85
153,Leta,Beteriss,991-122-0307,lbeteriss48@amazon.com,1/30/00,8/25/78
154,Lloyd,Troy,434-753-4674,ltroy49@usgs.gov,8/5/55,10/1/17
155,Davide,Boom,628-552-8281,dboom4a@yandex.ru,10/18/02,5/11/94
156,Novelia,Foan,940-112-3293,nfoan4b@hugedomains.com,9/1/85,8/18/14
157,Lainey,Kneeland,704-419-2244,lkneeland4c@yahoo.co.jp,1/5/90,2/27/94
158,Berny,Kingston,692-546-4046,bkingston4d@163.com,12/29/69,2/3/98
159,Fernanda,Frango,314-998-0885,ffrango4e@tripadvisor.com,2/22/83,11/16/97
160,Ellwood,Stetlye,303-316-4836,estetlye4f@devhub.com,10/20/87,5/26/01
161,Cooper,Wyldbore,350-701-3202,cwyldbore4g@cam.ac.uk,12/30/87,10/17/09
162,Lyell,Brewerton,897-313-4900,lbrewerton4h@aboutads.info,11/18/89,4/15/96
163,Jobyna,Careless,858-700-6044,jcareless4i@dailymail.co.uk,5/26/64,11/24/91
164,Waverley,Bosson,964-574-9623,wbosson4j@g.co,10/23/01,12/2/84
165,Norri,Ketteridge,941-540-4378,nketteridge4k@reverbnation.com,8/1/86,10/5/77
166,Rafi,Norcutt,864-805-3733,rnorcutt4l@feedburner.com,2/27/68,1/28/91
167,Leanna,Slinger,659-106-7765,lslinger4m@sohu.com,10/12/61,1/29/78
168,Anya,Bacop,288-270-5468,abacop4n@a8.net,5/12/97,4/21/13
169,Klement,Stilliard,203-401-7998,kstilliard4o@netlog.com,7/15/00,3/2/17
170,Milly,Blankman,779-696-6561,mblankman4p@sina.com.cn,2/9/00,5/7/13
171,Lorelei,Partridge,415-205-1682,lpartridge4q@amazon.de,1/27/98,4/28/89
172,Golda,McGaw,284-763-0088,gmcgaw4r@wix.com,10/24/74,2/16/07
173,Tremaine,Coomes,959-739-5706,tcoomes4s@jigsy.com,7/29/90,7/21/73
174,Maxine,Stansall,561-420-0122,mstansall4t@omniture.com,10/14/69,1/26/88
175,Veronique,Matula,215-883-9062,vmatula4u@biblegateway.com,3/30/65,2/23/12
176,Bili,Barnfield,891-462-0895,bbarnfield4v@tuttocitta.it,5/12/72,9/21/20
177,Carolus,Lowson,766-224-9450,clowson4w@cornell.edu,7/1/02,6/9/80
178,Michell,Mazzei,619-410-4187,mmazzei4x@si.edu,3/7/00,1/14/17
179,Tristam,Arnaldo,613-377-2437,tarnaldo4y@nps.gov,7/5/69,6/28/81
180,Northrop,Schaffel,726-377-4995,nschaffel4z@jalbum.net,11/14/94,8/9/13
181,Farr,Muriel,339-205-6782,fmuriel50@vinaora.com,4/16/85,6/17/07
182,Laverna,Fuzzey,170-273-4721,lfuzzey51@theglobeandmail.com,6/29/54,4/26/71
183,Bobbye,Glasard,563-147-0188,bglasard52@dot.gov,8/18/94,8/24/92
184,Sherm,Argent,389-163-2587,sargent53@hp.com,8/11/66,8/29/74
185,Lyle,Pionter,569-504-3684,lpionter54@mozilla.com,3/7/91,6/8/10
186,Brendin,Berndtsson,694-922-7950,bberndtsson55@photobucket.com,4/30/82,11/5/93
187,Karla,Fidgett,169-752-3181,kfidgett56@chronoengine.com,12/12/63,11/30/07
188,Stephi,Rochell,317-640-9013,srochell57@youku.com,7/30/58,6/2/21
189,Val,Schieferstein,491-808-1469,vschieferstein58@angelfire.com,12/24/58,9/4/22
190,Umberto,Haughton,686-900-2267,uhaughton59@yolasite.com,4/24/85,8/5/77
191,Gretna,Girodias,818-333-6056,ggirodias5a@gizmodo.com,10/12/53,4/20/01
192,Trudy,Skatcher,880-592-3795,tskatcher5b@tinyurl.com,5/6/59,7/3/05
193,Kippar,Cheeney,571-330-2336,kcheeney5c@amazonaws.com,8/7/72,12/5/19
194,Lulita,MacArdle,259-833-0882,lmacardle5d@microsoft.com,6/18/68,1/22/20
195,Retha,Blackney,321-527-6045,rblackney5e@cmu.edu,9/4/90,5/17/89
196,Melody,Macura,631-647-5467,mmacura5f@theglobeandmail.com,9/28/74,1/15/73
197,Burl,Brinkman,393-200-9758,bbrinkman5g@indiegogo.com,9/23/87,8/11/07
198,Demetra,Simmings,368-917-6922,dsimmings5h@addthis.com,8/8/55,10/11/73
199,Ruthe,Bernuzzi,718-320-8604,rbernuzzi5i@admin.ch,7/15/98,8/25/82
200,Ailis,Kowal,479-261-6364,akowal5j@delicious.com,12/28/76,5/14/88
201,Dermot,Brose,581-934-6238,dbrose5k@zdnet.com,4/14/87,1/2/03
202,Merv,Ditter,728-939-0193,mditter5l@unesco.org,9/30/79,12/3/91
203,Kizzee,Tiltman,406-115-1674,ktiltman5m@columbia.edu,10/22/78,4/12/09
204,Emmott,Amerighi,642-128-6522,eamerighi5n@over-blog.com,1/2/63,8/21/85
205,Dinnie,Yakuntsov,164-860-6119,dyakuntsov5o@acquirethisname.com,7/29/94,12/26/95
206,Laure,Voaden,692-176-5120,lvoaden5p@mtv.com,5/14/61,3/5/09
207,Eugene,Annandale,567-500-4904,eannandale5q@pen.io,4/1/97,6/20/11
208,Skipton,Piscot,892-951-5050,spiscot5r@ucoz.ru,6/6/74,4/29/75
209,Bobbee,Bore,689-943-6427,bbore5s@de.vu,4/13/60,1/22/77
210,Cammy,Cason,422-968-4342,ccason5t@google.es,2/6/00,6/27/75
211,Fawnia,Quoit,134-563-9250,fquoit5u@fema.gov,8/5/81,9/8/88
212,Waldo,Hanshawe,300-138-0685,whanshawe5v@feedburner.com,1/16/73,9/21/03
213,Gracie,Rodenhurst,244-893-2838,grodenhurst5w@squarespace.com,8/16/66,4/18/85
214,Farrell,Glendinning,999-138-9979,fglendinning5x@naver.com,11/28/93,12/3/75
215,Bobby,Tarzey,422-953-3709,btarzey5y@slideshare.net,5/23/71,10/2/97
216,Clarance,Houlridge,211-823-6076,choulridge5z@w3.org,3/30/69,2/20/07
217,Darryl,Hitscher,226-191-8044,dhitscher60@globo.com,12/16/60,9/21/96
218,Jenn,Rought,807-926-0179,jrought61@phpbb.com,7/14/76,12/19/20
219,Iain,Balleine,122-900-4999,iballeine62@youtube.com,5/7/73,8/1/89
220,Virgina,Nuttall,581-648-6208,vnuttall63@wikipedia.org,12/27/59,2/9/80
221,Jervis,Canadas,645-147-5926,jcanadas64@friendfeed.com,5/11/62,4/24/72
222,Elbertine,Camfield,381-189-8125,ecamfield65@wix.com,8/28/67,3/29/22
223,Marcelline,Guilloton,518-292-7263,mguilloton66@cafepress.com,6/2/56,1/29/18
224,Judie,Boylund,610-322-0305,jboylund67@ucoz.com,5/6/81,8/4/13
225,Silvio,Shearstone,524-848-3875,sshearstone68@ihg.com,12/18/56,10/23/80
226,Guillemette,Bachura,694-350-2978,gbachura69@nytimes.com,2/7/73,1/7/97
227,Hasheem,Birchall,885-765-9712,hbirchall6a@phpbb.com,11/15/69,4/17/19
228,Alfonso,Dekeyser,699-697-1395,adekeyser6b@bizjournals.com,9/28/99,10/30/86
229,Burke,Fleisch,702-800-2030,bfleisch6c@free.fr,1/25/03,10/2/97
230,Egan,Boyce,851-319-4734,eboyce6d@scribd.com,8/29/76,5/30/91
231,Margery,Abramsky,608-826-8597,mabramsky6e@google.co.uk,4/28/64,9/20/94
232,Wallace,Josovich,769-814-0679,wjosovich6f@bloomberg.com,10/5/90,4/29/74
233,Alexine,Fairbridge,579-961-0772,afairbridge6g@drupal.org,9/27/78,3/9/86
234,Guenevere,Wegman,209-761-3975,gwegman6h@i2i.jp,2/14/70,6/19/85
235,Steve,Melia,579-793-8162,smelia6i@examiner.com,4/29/80,7/29/84
236,Sherwin,Garbott,902-397-4414,sgarbott6j@angelfire.com,9/28/83,7/29/09
237,Andy,Spuner,534-419-8256,aspuner6k@disqus.com,11/9/91,5/13/95
238,Jarrad,Peterffy,402-524-1006,jpeterffy6l@seesaa.net,10/6/84,3/2/05
239,Kain,Dunckley,696-510-9273,kdunckley6m@noaa.gov,5/31/81,12/28/21
240,Llewellyn,Vina,718-515-1688,lvina6n@nydailynews.com,9/9/73,3/28/10
241,Theo,Graveson,586-690-4097,tgraveson6o@sina.com.cn,10/5/88,11/10/98
242,Genny,Logan,652-500-5872,glogan6p@netscape.com,5/17/61,8/30/95
243,Goldie,Hassen,274-609-9874,ghassen6q@biglobe.ne.jp,1/9/92,2/11/02
244,Jasmina,Spratling,325-377-0241,jspratling6r@usa.gov,6/23/98,10/20/94
245,Wilton,Douris,100-859-8573,wdouris6s@google.com.au,11/20/82,3/25/01
246,Loralee,Brookesbie,522-386-4168,lbrookesbie6t@who.int,5/21/81,10/12/79
247,Christian,Vonderdell,308-781-9967,cvonderdell6u@hexun.com,10/7/64,9/15/97
248,Anders,Gercke,250-641-6041,agercke6v@imgur.com,7/18/85,1/28/71
249,Collete,Gosforth,241-217-2821,cgosforth6w@mozilla.org,4/29/54,7/25/07
250,Madelena,Montgomery,400-952-4531,mmontgomery6x@squidoo.com,10/16/74,9/12/98
251,Lucho,Fitch,659-195-4401,lfitch6y@bloomberg.com,1/15/95,5/11/78
252,Byram,Adamthwaite,146-964-6808,badamthwaite6z@skype.com,8/29/77,8/29/85
253,Amitie,Sainer,620-667-8450,asainer70@networksolutions.com,3/4/89,4/8/79
254,Aloysius,Welman,683-214-6492,awelman71@multiply.com,6/19/93,9/24/23
255,Olag,Clemintoni,250-177-6683,oclemintoni72@bravesites.com,6/10/97,11/11/81
256,Garfield,Shulver,324-730-2592,gshulver73@photobucket.com,12/21/84,12/10/02
257,Cyrillus,Dudson,426-698-6478,cdudson74@dyndns.org,4/23/67,1/30/98
258,Wilhelmine,Pareman,102-663-6760,wpareman75@techcrunch.com,1/8/71,4/24/12
259,Guthry,Keitch,689-645-5384,gkeitch76@alibaba.com,9/4/91,10/10/72
260,Ainslie,Ivanchikov,689-224-1206,aivanchikov77@amazonaws.com,12/26/76,7/24/17
261,Udall,Quinn,118-439-8906,uquinn78@i2i.jp,9/25/93,5/18/93
262,Luke,Zellmer,698-887-6001,lzellmer79@sohu.com,9/6/56,8/27/07
263,Josey,Darlow,706-227-5946,jdarlow7a@yelp.com,3/17/52,12/25/76
264,Dian,Havis,581-108-5554,dhavis7b@redcross.org,12/15/51,10/23/77
265,Tiffanie,Denacamp,526-722-4816,tdenacamp7c@marriott.com,1/31/75,4/12/02
266,Dasi,Regardsoe,456-180-3124,dregardsoe7d@globo.com,11/17/81,7/2/13
267,Corabelle,Brizell,808-552-3674,cbrizell7e@rambler.ru,8/25/82,3/10/72
268,Christi,Spalding,201-962-2152,cspalding7f@xinhuanet.com,3/28/02,10/30/86
269,Teri,Alloisi,239-830-2719,talloisi7g@sourceforge.net,4/18/00,5/23/79
270,Pierson,Mowbray,226-365-8804,pmowbray7h@imdb.com,10/20/87,4/18/80
271,Allayne,O' Cloney,419-786-1305,aocloney7i@toplist.cz,3/23/90,11/30/18
272,Vergil,Ellyatt,290-323-9206,vellyatt7j@yahoo.com,10/9/03,2/24/96
273,Iris,Volk,715-857-0392,ivolk7k@ihg.com,5/24/70,1/7/84
274,Leupold,Hightown,629-267-0629,lhightown7l@naver.com,1/1/87,5/17/94
275,Bertram,Tulk,155-704-5403,btulk7m@nps.gov,6/7/78,9/27/89
276,Janeczka,Armit,354-906-4399,jarmit7n@t.co,1/14/82,9/15/20
277,Lauren,Brechin,265-776-4824,lbrechin7o@merriam-webster.com,8/9/54,10/7/17
278,Denis,Whiteland,220-489-3239,dwhiteland7p@google.com.hk,9/6/02,4/23/09
279,Lelia,Stiven,185-419-5302,lstiven7q@issuu.com,8/26/81,7/16/97
280,Decca,de Almeida,824-299-6498,ddealmeida7r@hp.com,9/16/93,11/17/98
281,Virgilio,Loody,582-684-5689,vloody7s@cnn.com,9/7/69,1/23/78
282,Hannis,Woodcock,458-632-4024,hwoodcock7t@state.tx.us,5/9/94,8/25/72
283,Beatrix,Lobley,722-738-4884,blobley7u@yelp.com,5/9/91,3/4/93
284,Karlen,MacGiolla,494-921-6682,kmacgiolla7v@de.vu,7/18/71,8/20/81
285,Corrina,Gostling,947-651-7419,cgostling7w@cyberchimps.com,2/27/54,6/20/91
286,Kaja,Jelf,164-882-7759,kjelf7x@eepurl.com,9/3/04,6/18/73
287,Abbey,Berwick,108-772-6514,aberwick7y@woothemes.com,6/4/90,2/8/96
288,Clare,Pottery,870-230-7567,cpottery7z@twitpic.com,10/11/70,3/10/83
289,Gweneth,Beldan,224-259-5262,gbeldan80@slate.com,11/30/75,3/1/20
290,Farlee,Villaret,675-123-1940,fvillaret81@drupal.org,6/14/98,7/30/89
291,Helsa,Woodwind,576-756-6862,hwoodwind82@google.ru,1/9/56,6/8/11
292,Raymond,Mohun,941-506-1339,rmohun83@yelp.com,3/3/55,5/12/01
293,Zeb,Radborne,592-276-4230,zradborne84@blogtalkradio.com,12/5/68,1/24/10
294,Georg,Maystone,255-173-6072,gmaystone85@goodreads.com,2/14/01,6/15/84
295,Arline,Wilstead,656-594-1356,awilstead86@shinystat.com,2/6/00,9/2/91
296,Fancie,Doughty,130-156-6908,fdoughty87@auda.org.au,5/23/02,2/4/71
297,Godfry,Ainsby,231-691-0793,gainsby88@merriam-webster.com,7/9/84,12/28/92
298,Elbert,Ianniello,795-623-1827,eianniello89@engadget.com,2/1/52,5/3/83
299,Giustino,Dudderidge,226-224-2971,gdudderidge8a@uiuc.edu,8/18/58,4/12/04
300,Frazer,Leitche,282-322-9818,fleitche8b@cmu.edu,8/23/71,12/15/97
301,Gabe,Sirmon,611-785-4841,gsirmon8c@un.org,4/11/58,6/29/02
302,Hoyt,Gatherell,549-975-4295,hgatherell8d@unc.edu,3/4/51,8/4/14
303,Petronia,Casemore,431-815-7288,pcasemore8e@paypal.com,9/23/95,12/27/91
304,Fredia,Winborn,151-140-4180,fwinborn8f@about.com,7/12/52,10/17/00
305,Glenna,Childerley,625-514-3968,gchilderley8g@uiuc.edu,6/23/93,6/2/89
306,Gus,McNelis,183-808-2124,gmcnelis8h@dot.gov,10/6/53,10/8/91
307,Florinda,Clouston,686-845-4495,fclouston8i@blogtalkradio.com,8/15/64,1/9/96
308,Eden,McWhinnie,616-843-8816,emcwhinnie8j@deviantart.com,4/5/97,7/24/72
309,Dori,Riseborough,432-309-4150,driseborough8k@ox.ac.uk,11/28/95,7/21/97
310,Nanice,Kener,722-362-7989,nkener8l@simplemachines.org,11/9/77,2/27/87
311,Cilka,Jasper,451-216-8069,cjasper8m@seattletimes.com,10/22/76,11/5/91
312,Nobe,Wilce,397-545-0167,nwilce8n@geocities.com,8/5/69,9/9/94
313,Dodi,Cush,649-171-5707,dcush8o@pinterest.com,11/12/70,4/2/90
314,Penny,Casterot,549-601-0621,pcasterot8p@w3.org,4/5/55,4/4/78
315,Leoline,Pearl,895-778-3381,lpearl8q@cnn.com,2/11/95,4/17/83
316,Patrizius,Finci,712-248-4431,pfinci8r@weather.com,3/29/61,8/10/87
317,Webb,Brockhurst,154-839-6884,wbrockhurst8s@army.mil,8/9/84,7/5/82
318,Nat,Baline,205-194-2457,nbaline8t@ed.gov,11/5/89,9/3/03
319,Gabriell,Kerridge,838-971-8752,gkerridge8u@zimbio.com,3/8/97,10/3/03
320,Avis,Goldup,703-322-6110,agoldup8v@ca.gov,12/18/77,7/8/94
321,Nolie,Chotty,944-400-2988,nchotty8w@ow.ly,9/23/72,1/21/79
322,Ware,Richmont,905-522-8531,wrichmont8x@feedburner.com,3/6/82,12/24/10
323,Ruthi,Delion,244-590-1733,rdelion8y@cbslocal.com,4/12/90,2/23/24
324,Kaylee,Keppin,940-480-9328,kkeppin8z@mit.edu,11/9/91,6/13/75
325,Annabell,Jedrys,439-684-4470,ajedrys90@liveinternet.ru,1/5/98,1/20/21
326,Bernie,Cleve,284-944-7407,bcleve91@mapy.cz,6/15/70,12/20/23
327,Layton,Scholz,370-448-0978,lscholz92@ft.com,1/26/68,2/27/78
328,Melody,Dealtry,315-898-4187,mdealtry93@cbslocal.com,5/22/88,1/12/89
329,Val,Loiterton,920-881-6735,vloiterton94@sogou.com,6/5/82,9/13/99
330,Allayne,Kohnen,862-478-7348,akohnen95@discuz.net,7/13/97,2/26/89
331,Derwin,Rossetti,637-914-9946,drossetti96@ezinearticles.com,2/10/91,9/2/84
332,Viola,Helder,830-434-3390,vhelder97@elpais.com,9/25/64,8/21/86
333,Eudora,Minucci,590-819-6813,eminucci98@ifeng.com,9/29/82,9/24/72
334,Waneta,Covet,199-466-9173,wcovet99@webmd.com,8/30/81,8/4/78
335,Mattheus,Hornung,968-256-8658,mhornung9a@shinystat.com,2/16/66,2/23/80
336,Camile,Ricciardo,324-197-2091,cricciardo9b@flavors.me,12/18/82,1/2/13
337,Pansie,Jillard,188-869-8670,pjillard9c@typepad.com,8/25/93,12/27/76
338,Fredric,Dennick,567-189-6775,fdennick9d@mlb.com,3/24/80,8/16/20
339,Dorie,Roan,864-757-6467,droan9e@house.gov,9/25/92,3/20/95
340,Colman,Capon,176-460-3936,ccapon9f@symantec.com,12/27/69,10/27/14
341,Trueman,Conningham,330-729-5584,tconningham9g@ed.gov,9/10/00,6/14/95
342,Ekaterina,Hadenton,477-179-6002,ehadenton9h@google.nl,7/22/78,6/24/16
343,Rafe,McCaughran,495-177-6896,rmccaughran9i@squidoo.com,5/1/90,9/29/79
344,Orelia,McGurk,433-907-6926,omcgurk9j@java.com,7/14/90,8/29/21
345,Corri,Iglesia,149-517-9027,ciglesia9k@go.com,2/11/67,9/17/07
346,Cassie,Faulkes,960-273-0003,cfaulkes9l@shareasale.com,2/1/82,10/18/21
347,Merrile,Grigoryev,117-502-2292,mgrigoryev9m@tinypic.com,6/9/83,2/23/71
348,Eb,MacAlpine,123-104-4262,emacalpine9n@sbwire.com,4/1/66,10/21/73
349,Lulu,Blanchard,345-446-9018,lblanchard9o@nsw.gov.au,8/2/84,11/2/89
350,Arabela,Olivet,682-811-8052,aolivet9p@yandex.ru,8/22/95,5/29/04
351,Trudie,Ranner,162-871-0553,tranner9q@nydailynews.com,2/1/95,11/5/77
352,Clarke,Klaesson,222-111-6377,cklaesson9r@163.com,6/8/54,1/5/01
353,Eadith,Parish,865-355-2953,eparish9s@yolasite.com,12/7/82,7/11/02
354,Lynnea,Pisculli,174-999-1857,lpisculli9t@apache.org,9/7/68,7/30/76
355,Thorsten,Stert,327-648-6116,tstert9u@examiner.com,12/28/59,1/23/95
356,Corny,McCurley,799-720-5474,cmccurley9v@google.it,4/28/54,6/15/78
357,Kati,Cinnamond,804-330-5189,kcinnamond9w@smugmug.com,6/15/63,7/8/86
358,Gloriana,Pagen,216-582-4228,gpagen9x@yelp.com,5/1/83,8/16/00
359,Marcie,Mc Caghan,624-764-8309,mmccaghan9y@usatoday.com,8/27/61,11/17/12
360,Kiah,Gillard,436-932-0278,kgillard9z@java.com,10/1/67,2/4/79
361,Jimmie,Steuart,165-946-2300,jsteuarta0@eepurl.com,12/23/73,10/7/10
362,Alberto,Gulliford,239-119-6706,agulliforda1@163.com,1/7/92,6/17/85
363,Hulda,Iskowicz,224-265-4032,hiskowicza2@godaddy.com,10/22/01,12/25/99
364,Tania,Gouck,842-107-6052,tgoucka3@washingtonpost.com,5/9/03,4/8/71
365,Penni,Gunny,193-454-6108,pgunnya4@themeforest.net,7/25/62,12/29/89
366,Mozelle,Elfleet,222-802-2860,melfleeta5@statcounter.com,5/15/72,3/11/91
367,Clerc,Blakemore,364-145-2317,cblakemorea6@delicious.com,12/20/01,10/9/72
368,Winnie,Tanton,154-568-8188,wtantona7@unc.edu,12/10/79,11/20/93
369,Sallyanne,Jozefczak,128-555-3440,sjozefczaka8@jimdo.com,8/22/95,3/18/88
370,Eddie,Duffit,827-652-8906,eduffita9@si.edu,1/3/74,11/15/86
371,Harris,Lafranconi,851-580-4304,hlafranconiaa@eepurl.com,1/31/70,3/11/93
372,Linn,Anfosso,296-893-2262,lanfossoab@parallels.com,4/10/79,9/7/89
373,Rita,Coffee,194-449-3563,rcoffeeac@cisco.com,6/9/66,5/13/80
374,Roxanna,Challis,669-436-6635,rchallisad@craigslist.org,12/10/75,8/29/87
375,Donni,Michiel,526-591-4310,dmichielae@washingtonpost.com,2/12/98,1/22/81
376,Isidor,Danielovitch,569-348-8706,idanielovitchaf@github.com,5/17/83,7/4/09
377,Audre,Jancik,918-194-6406,ajancikag@answers.com,10/1/80,3/25/75
378,Selena,Davidovicz,905-391-6169,sdavidoviczah@sciencedirect.com,6/19/53,5/18/71
379,Jason,Kearle,893-756-1398,jkearleai@google.de,3/15/59,1/26/78
380,Darcy,Bourdis,459-159-5481,dbourdisaj@adobe.com,11/16/93,10/7/21
381,Ardis,Hearl,723-724-4506,ahearlak@pcworld.com,11/23/88,12/23/14
382,Addie,Rigmand,532-952-2609,arigmandal@patch.com,7/28/94,5/17/20
383,Orella,Ayer,601-180-2371,oayeram@reddit.com,3/29/57,4/25/19
384,Hermy,Cuttell,377-455-1564,hcuttellan@wordpress.org,9/3/72,9/27/22
385,Hamilton,Cobby,924-411-7458,hcobbyao@naver.com,6/23/64,7/1/90
386,Pearle,Weavill,218-670-6324,pweavillap@theatlantic.com,6/26/77,4/22/74
387,Bernadette,Ovington,908-375-6302,bovingtonaq@webeden.co.uk,8/15/76,10/2/04
388,Kissie,Renvoys,831-782-5492,krenvoysar@tmall.com,3/25/68,1/6/24
389,Gradeigh,Ciobutaro,146-840-1564,gciobutaroas@harvard.edu,4/21/67,7/3/96
390,Cindi,Edmed,735-754-4565,cedmedat@trellian.com,4/11/72,4/12/20
391,Tiphanie,Hammor,476-104-7516,thammorau@irs.gov,10/7/66,10/16/96
392,Shirley,Szymanek,321-952-2962,sszymanekav@imgur.com,3/22/00,8/5/74
393,Rycca,Kybird,224-926-7615,rkybirdaw@sphinn.com,2/14/70,2/15/77
394,Nara,Hyrons,572-179-9135,nhyronsax@arizona.edu,5/19/61,4/4/90
395,Cesya,Allman,565-977-7738,callmanay@live.com,12/7/72,3/10/85
396,Tabor,Loughran,711-545-9474,tloughranaz@google.com.br,12/28/03,7/13/03
397,Demetrius,Crozier,952-632-5543,dcrozierb0@cocolog-nifty.com,10/3/55,11/18/23
398,Skippy,Dunkley,114-202-8324,sdunkleyb1@alibaba.com,12/28/02,12/26/16
399,Jefferey,Mozzetti,618-332-9481,jmozzettib2@mashable.com,11/24/93,12/15/21
400,Eunice,Rosle,652-752-4791,erosleb3@stanford.edu,6/29/64,4/16/88
401,Elvira,Vasic,765-824-7860,evasicb4@wired.com,9/26/95,5/11/76
402,Henri,Villaron,814-725-2299,hvillaronb5@dailymail.co.uk,11/2/77,7/13/85
403,Sheffy,Burree,569-840-5507,sburreeb6@yellowpages.com,7/24/78,1/23/18
404,Gwendolyn,Blacksell,734-974-9005,gblacksellb7@spotify.com,10/15/68,12/17/72
405,Holden,Bucke,985-329-8287,hbuckeb8@constantcontact.com,6/1/77,7/8/96
406,Haywood,Abramamov,791-489-1042,habramamovb9@vinaora.com,10/1/76,5/3/24
407,Violetta,Acors,787-436-6510,vacorsba@cargocollective.com,9/2/59,3/24/76
408,Granny,Conan,317-701-9417,gconanbb@sakura.ne.jp,3/2/02,11/1/09
409,Noe,Cotta,405-504-2000,ncottabc@stanford.edu,12/6/99,9/28/02
410,Konstanze,Croose,777-808-9532,kcroosebd@gov.uk,6/12/69,3/29/97
411,Emmet,Penrice,696-601-5563,epenricebe@edublogs.org,11/13/72,8/12/79
412,Guillemette,McKeowon,739-633-8937,gmckeowonbf@drupal.org,12/6/90,8/26/12
413,Bobbi,Longmire,890-938-7330,blongmirebg@java.com,6/4/71,9/13/02
414,Mersey,Gulland,379-105-4737,mgullandbh@nymag.com,11/13/55,1/14/81
415,Karyn,Honeyghan,894-968-1880,khoneyghanbi@redcross.org,8/5/56,5/5/16
416,Hamil,Ohrtmann,712-179-6072,hohrtmannbj@theglobeandmail.com,4/14/55,1/5/93
417,Gaston,Rate,567-238-9354,gratebk@umich.edu,9/19/78,4/13/01
418,Worthy,Sewards,207-265-2460,wsewardsbl@123-reg.co.uk,4/28/77,10/1/93
419,Moshe,Chasen,288-622-7049,mchasenbm@pen.io,5/24/97,9/9/84
420,Drake,Shayes,467-584-3063,dshayesbn@ehow.com,1/23/62,2/18/10
421,Lexi,Critcher,911-505-7116,lcritcherbo@opera.com,5/30/81,12/25/76
422,Glyn,Filyakov,485-630-7529,gfilyakovbp@howstuffworks.com,10/27/82,11/6/18
423,Banky,Primrose,633-963-7321,bprimrosebq@hubpages.com,3/9/53,5/26/99
424,Mikaela,Plunket,670-355-5949,mplunketbr@illinois.edu,10/8/03,11/16/78
425,Florence,Wanderschek,944-799-7546,fwanderschekbs@chron.com,5/31/74,8/30/85
426,Evvy,Abercromby,929-662-2519,eabercrombybt@bbc.co.uk,8/8/71,10/17/04
427,Greggory,Goulston,772-830-8236,ggoulstonbu@msu.edu,10/19/51,7/5/99
428,Adrianna,Perrone,241-683-9939,aperronebv@yelp.com,6/28/53,12/10/98
429,Appolonia,Colclough,104-957-9023,acolcloughbw@japanpost.jp,1/8/65,12/20/01
430,Quinlan,Vasyunichev,625-958-1941,qvasyunichevbx@yelp.com,11/27/94,2/19/91
431,Gabbie,Lottrington,867-353-1910,glottringtonby@bbb.org,3/20/57,8/18/76
432,Care,Treffry,536-214-3931,ctreffrybz@ustream.tv,10/21/72,4/28/14
433,Brit,Muirhead,546-363-9877,bmuirheadc0@archive.org,12/24/72,1/3/10
434,Sollie,Moorton,576-275-3101,smoortonc1@wiley.com,8/21/70,12/2/82
435,Diana,Moen,351-734-9409,dmoenc2@de.vu,9/8/59,1/9/02
436,Flemming,Thomerson,904-187-1147,fthomersonc3@marketwatch.com,10/19/75,7/25/18
437,Alica,Cheales,324-503-1142,achealesc4@vinaora.com,4/1/58,3/15/20
438,Blythe,Rillstone,832-176-9942,brillstonec5@soup.io,10/7/54,7/17/73
439,Kylen,Cochrane,980-583-3249,kcochranec6@pen.io,10/20/92,2/3/85
440,Karlik,Boyet,216-218-3619,kboyetc7@google.ca,3/26/92,3/26/97
441,Ellery,McKern,719-860-8219,emckernc8@ezinearticles.com,7/31/53,3/3/72
442,Brose,Burker,575-565-2859,bburkerc9@newyorker.com,7/11/98,8/16/07
443,Carree,Pumfrey,158-435-8233,cpumfreyca@yale.edu,12/13/93,6/25/23
444,Quint,Arthey,753-528-7171,qartheycb@imdb.com,10/2/51,8/4/88
445,Burgess,McRamsey,546-801-7064,bmcramseycc@ca.gov,5/18/85,10/14/97
446,Miguela,Ambrogiotti,916-514-1256,mambrogiotticd@samsung.com,10/29/61,12/19/72
447,Asia,Solesbury,676-580-2759,asolesburyce@symantec.com,1/20/87,4/25/90
448,Gypsy,Rooksby,191-806-2001,grooksbycf@gizmodo.com,5/30/64,6/7/14
449,Mora,Mahomet,765-915-2339,mmahometcg@state.gov,5/30/04,6/15/71
450,Barclay,Dowsey,271-445-7240,bdowseych@moonfruit.com,10/18/75,7/23/07
451,Buddie,Abramovitch,116-924-7500,babramovitchci@vistaprint.com,3/7/97,11/19/21
452,Kaitlin,Scarf,896-176-0374,kscarfcj@ucoz.com,7/24/56,3/27/10
453,Letti,Lunk,202-116-1411,llunkck@blinklist.com,8/17/57,12/13/89
454,Aaren,Tommaseo,312-224-0013,atommaseocl@clickbank.net,5/7/83,1/24/92
455,Libby,Eldredge,201-750-5405,leldredgecm@sakura.ne.jp,3/10/66,5/4/14
456,Sean,Follacaro,318-956-7699,sfollacarocn@creativecommons.org,10/19/64,11/11/02
457,Loydie,Graffham,800-648-0866,lgraffhamco@com.com,9/9/65,7/18/24
458,Tracy,Nucator,385-473-5266,tnucatorcp@paypal.com,7/26/55,7/30/07
459,Jeanna,Dorman,354-135-6208,jdormancq@earthlink.net,9/26/92,11/23/99
460,Beitris,Warstall,998-836-8790,bwarstallcr@sbwire.com,4/18/79,12/29/12
461,Giacopo,Feaver,799-995-6069,gfeavercs@china.com.cn,9/8/65,12/18/07
462,Carlie,Joslyn,289-191-8211,cjoslynct@geocities.jp,10/6/67,5/2/88
463,Hayward,Coad,692-369-7608,hcoadcu@desdev.cn,4/14/70,8/28/22
464,Jade,Durtnall,344-359-5970,jdurtnallcv@salon.com,9/25/03,11/9/17
465,Grover,Andreou,283-332-4078,gandreoucw@liveinternet.ru,6/28/92,4/19/71
466,Vachel,Kobieriecki,293-162-2616,vkobierieckicx@odnoklassniki.ru,10/8/98,5/7/17
467,Veda,Yushmanov,444-693-0865,vyushmanovcy@comcast.net,6/27/56,10/25/95
468,Osborn,Remmers,288-307-8790,oremmerscz@twitpic.com,9/26/71,9/2/05
469,Borden,Pennazzi,805-350-9912,bpennazzid0@cbslocal.com,12/25/64,5/11/94
470,Roma,Frusher,357-837-9179,rfrusherd1@elegantthemes.com,5/7/62,3/6/08
471,Kaela,Buggy,281-314-7281,kbuggyd2@topsy.com,4/20/72,10/3/71
472,Timofei,Pearman,493-908-4348,tpearmand3@51.la,2/2/00,7/23/85
473,Glad,Jirusek,283-726-2719,gjirusekd4@last.fm,9/16/91,12/14/82
474,Renado,Ofield,551-536-6958,rofieldd5@wix.com,2/27/76,3/11/05
475,Sabine,Fairfoull,728-826-4283,sfairfoulld6@dell.com,12/19/94,12/31/12
476,Trey,Sallowaye,421-426-7058,tsallowayed7@businessweek.com,7/10/04,4/26/16
477,Tuesday,Walburn,662-819-4070,twalburnd8@latimes.com,2/4/70,2/10/19
478,Montgomery,Mergue,669-111-4582,mmergued9@indiatimes.com,5/5/71,6/26/97
479,Amelina,Redholes,116-871-3234,aredholesda@ca.gov,1/29/77,10/2/87
480,Maureene,Burnup,139-832-1890,mburnupdb@w3.org,12/3/73,8/31/92
481,Hartwell,Regnard,898-285-1370,hregnarddc@hubpages.com,1/27/03,1/12/06
482,Matti,Bowe,444-850-7356,mbowedd@hibu.com,11/17/50,6/29/85
483,Ingmar,Slegg,772-676-4276,isleggde@oaic.gov.au,12/28/01,3/29/75
484,Vin,Souness,258-901-7388,vsounessdf@stumbleupon.com,1/13/88,2/25/84
485,Ikey,Slowgrave,568-272-4755,islowgravedg@ucoz.com,12/4/53,1/20/99
486,Alina,Van Leeuwen,243-669-1670,avanleeuwendh@biglobe.ne.jp,10/27/97,1/19/14
487,Lenci,Cotilard,944-385-0956,lcotilarddi@seattletimes.com,5/1/74,10/19/10
488,Guy,Edgell,106-689-0106,gedgelldj@edublogs.org,6/3/82,12/6/08
489,Neddy,Keford,499-563-4023,nkeforddk@va.gov,6/13/58,9/18/96
490,Yale,Gillimgham,607-566-6132,ygillimghamdl@about.com,2/21/57,6/8/15
491,Harman,McGonnell,315-952-0733,hmcgonnelldm@cocolog-nifty.com,10/14/72,3/27/87
492,Torrey,Wrefford,151-434-7132,twrefforddn@bloglines.com,12/25/77,11/29/73
493,Sloan,Bennie,424-126-1534,sbenniedo@arizona.edu,10/13/58,1/5/15
494,Chloris,Ethelstone,448-495-3037,cethelstonedp@answers.com,8/5/95,5/3/84
495,Lacie,Mabon,489-929-0413,lmabondq@google.com,8/11/64,1/20/95
496,Josias,Brundrett,491-288-1987,jbrundrettdr@hibu.com,4/30/53,5/8/15
497,Andrea,Thackray,779-492-5677,athackrayds@altervista.org,1/18/52,8/2/17
498,Gabriella,Hagan,668-373-7746,ghagandt@ucla.edu,6/13/61,2/27/18
499,Almeria,O'Kennavain,161-547-8334,aokennavaindu@cnbc.com,5/11/99,9/25/77
500,Juana,Woodrow,783-986-6509,jwoodrowdv@merriam-webster.com,8/19/95,4/27/83
501,Berri,Jerams,245-417-6858,bjeramsdw@chron.com,12/18/71,11/16/99
502,Mirella,Blenkensop,340-489-6899,mblenkensopdx@infoseek.co.jp,7/1/52,12/2/81
503,Ursola,Androsik,112-938-9156,uandrosikdy@4shared.com,1/14/65,4/6/94
504,Marlee,Joye,114-611-8264,mjoyedz@ycombinator.com,7/10/86,5/8/22
505,Bentley,Riche,305-777-8253,brichee0@icio.us,4/11/86,11/17/14
506,Dorey,Campe,653-954-9920,dcampee1@jigsy.com,12/16/88,1/30/77
507,Upton,Tantum,975-446-4269,utantume2@dot.gov,3/28/70,8/7/87
508,Hermina,Godspeede,548-119-8833,hgodspeedee3@blinklist.com,9/6/83,8/26/73
509,Milton,Rolinson,607-289-5989,mrolinsone4@wikispaces.com,9/23/94,12/11/23
510,Quentin,Martins,810-685-6296,qmartinse5@4shared.com,12/21/96,11/2/94
511,Rhona,Smout,395-640-6359,rsmoute6@cafepress.com,11/3/54,1/4/08
512,Rex,Roskam,173-233-5505,rroskame7@amazon.de,6/5/95,4/1/83
513,Janean,Philpin,227-975-6434,jphilpine8@printfriendly.com,5/19/67,6/2/93
514,Moishe,Ilyas,250-954-4408,milyase9@webs.com,5/15/03,10/29/02
515,Travers,Snedden,252-262-4303,tsneddenea@illinois.edu,9/12/80,9/27/13
516,Glyn,Yitzowitz,360-198-5699,gyitzowitzeb@alexa.com,12/28/82,8/28/95
517,Ferd,Hadden,786-829-2384,fhaddenec@prweb.com,6/18/92,7/31/23
518,Calypso,Stallard,433-465-0416,cstallarded@blogger.com,10/16/64,1/9/04
519,Wyatt,Ruberti,715-437-1590,wrubertiee@army.mil,12/24/99,12/28/05
520,Heywood,Vesque,967-817-3748,hvesqueef@youku.com,12/28/62,12/10/19
521,Berne,Rielly,157-539-2492,briellyeg@apple.com,4/12/94,10/16/09
522,Guss,Di Franceshci,683-646-1510,gdifranceshcieh@xrea.com,2/14/81,7/6/80
523,Giacopo,Scalera,871-182-2975,gscaleraei@pen.io,12/29/50,4/19/75
524,Heath,Alexsandrovich,311-182-7868,halexsandrovichej@opera.com,11/17/67,3/10/20
525,Raye,Easson,689-944-4197,reassonek@naver.com,6/2/61,3/19/17
526,Udall,Bohlin,762-820-2385,ubohlinel@bigcartel.com,9/11/58,3/15/19
527,Rolf,De Cleen,458-953-7742,rdecleenem@comcast.net,5/30/94,7/20/04
528,Davine,Stoven,844-240-4099,dstovenen@usa.gov,8/14/62,6/9/73
529,Audra,Dericot,735-187-9312,adericoteo@illinois.edu,7/20/61,1/2/06
530,Gertruda,Pinkerton,360-660-6216,gpinkertonep@ca.gov,3/12/82,10/23/81
531,Adena,Pietz,917-250-3782,apietzeq@sphinn.com,8/18/98,2/17/95
532,Jerrilyn,Ipwell,415-684-4572,jipweller@nydailynews.com,10/9/68,12/27/10
533,Riva,Layland,593-661-8008,rlaylandes@webeden.co.uk,12/27/89,7/17/72
534,Jordana,Surpliss,384-817-7035,jsurplisset@cpanel.net,5/4/98,9/21/75
535,Andonis,Carl,718-993-9396,acarleu@dmoz.org,10/15/69,7/18/78
536,Cherilynn,Headech,619-454-7833,cheadechev@alexa.com,3/24/70,12/20/99
537,Heath,Hawksley,538-817-2847,hhawksleyew@desdev.cn,5/12/91,2/18/98
538,Esta,Kirkbright,847-729-7581,ekirkbrightex@si.edu,3/10/87,11/2/15
539,Estrellita,Antwis,703-762-4508,eantwisey@google.es,8/4/03,5/4/76
540,Boigie,Yukhnini,490-807-1036,byukhniniez@webnode.com,2/3/95,7/20/76
541,Xever,Prop,579-673-2827,xpropf0@123-reg.co.uk,10/18/98,11/3/74
542,Kirbie,Nowell,506-105-9796,knowellf1@themeforest.net,3/23/56,7/19/75
543,Dimitry,Collison,787-385-5400,dcollisonf2@meetup.com,2/18/74,9/23/93
544,Angelika,Gonin,183-345-0902,agoninf3@taobao.com,9/8/89,8/30/77
545,Ronna,Wedon,998-159-2107,rwedonf4@prnewswire.com,12/22/90,6/12/14
546,Shell,Peert,365-901-4714,speertf5@springer.com,10/3/90,10/21/02
547,Leopold,Keling,503-830-3892,lkelingf6@tinypic.com,4/6/53,7/13/75
548,Derry,Cordaroy,284-864-8570,dcordaroyf7@cbsnews.com,3/13/62,9/5/97
549,Rae,Lalor,356-661-8069,rlalorf8@cmu.edu,6/15/58,10/5/87
550,Bernelle,Harris,556-472-2766,bharrisf9@google.com,3/5/75,11/11/93
551,Sashenka,Addekin,316-235-8404,saddekinfa@twitter.com,10/21/00,7/19/04
552,Yolanda,Demeter,363-245-0749,ydemeterfb@vinaora.com,3/6/85,7/29/11
553,Yancey,Katte,120-942-9942,ykattefc@angelfire.com,12/10/83,6/26/23
554,Novelia,Eltune,216-631-1931,neltunefd@noaa.gov,1/2/03,10/30/11
555,Twila,Petford,834-572-3261,tpetfordfe@webeden.co.uk,1/14/85,8/23/12
556,Elita,Sealand,105-520-8630,esealandff@elegantthemes.com,5/5/53,6/29/24
557,Pavel,Sissel,198-471-2929,psisselfg@ucoz.com,8/10/54,12/14/91
558,Cherida,OIlier,930-631-8054,coilierfh@bluehost.com,2/2/67,8/16/16
559,Donna,Harnott,934-969-1802,dharnottfi@cargocollective.com,11/16/65,11/18/77
560,Ame,Roff,112-264-3071,arofffj@ning.com,7/20/86,11/7/10
561,Stephanus,Roos,953-655-4052,sroosfk@t.co,5/7/97,1/15/82
562,Etan,Corbie,519-550-9459,ecorbiefl@oaic.gov.au,8/17/54,9/3/78
563,Herculie,Janczak,800-819-3866,hjanczakfm@dot.gov,6/2/53,4/30/83
564,Rosy,Schwier,486-789-8164,rschwierfn@bigcartel.com,1/10/04,11/8/02
565,Giraud,Crawshaw,595-717-9384,gcrawshawfo@desdev.cn,12/21/95,2/16/05
566,Katerine,Cawthron,359-134-4042,kcawthronfp@blogtalkradio.com,4/19/98,11/9/92
567,Silvanus,Classen,757-223-3637,sclassenfq@yellowbook.com,12/6/82,7/4/96
568,Ebenezer,Bentham,323-564-4118,ebenthamfr@acquirethisname.com,8/16/98,8/16/05
569,Rivy,Eggers,226-212-2283,reggersfs@delicious.com,8/30/99,3/1/92
570,Hedda,Sackett,684-451-5945,hsackettft@surveymonkey.com,6/30/83,7/3/16
571,Dode,Castillo,326-972-0965,dcastillofu@jugem.jp,5/6/76,7/7/11
572,Robena,Pasby,483-502-9788,rpasbyfv@altervista.org,8/4/73,10/10/78
573,Coleman,Linfitt,776-349-0022,clinfittfw@altervista.org,8/6/63,1/12/95
574,Fulton,Vasovic,452-239-1515,fvasovicfx@tumblr.com,10/22/83,9/30/78
575,Nonnah,Gauche,716-852-6655,ngauchefy@dion.ne.jp,4/14/92,11/8/95
576,Wallace,Pol,216-541-9432,wpolfz@youtube.com,9/6/59,12/11/74
577,Hermina,Champney,171-514-8393,hchampneyg0@google.de,1/29/75,4/4/80
578,Johnathan,Kanwell,533-462-3748,jkanwellg1@si.edu,7/9/65,7/21/83
579,Janella,Smiley,989-898-7595,jsmileyg2@chronoengine.com,4/15/76,6/5/82
580,Clarice,Ianelli,958-799-3325,cianellig3@sourceforge.net,2/17/59,1/24/83
581,Garry,Engel,468-462-3365,gengelg4@hhs.gov,11/26/64,11/2/09
582,Nelli,Vince,379-240-2159,nvinceg5@irs.gov,1/1/75,9/19/13
583,Valerye,Banes,318-463-4315,vbanesg6@sina.com.cn,8/18/77,9/9/12
584,Coralie,Jakubovsky,421-767-9986,cjakubovskyg7@51.la,12/2/57,1/15/14
585,Juliane,Hayler,953-480-3079,jhaylerg8@soup.io,5/6/88,5/11/21
586,Kile,Kubach,230-596-0198,kkubachg9@ebay.co.uk,4/11/01,7/8/71
587,Sebastien,Di Maria,424-728-5219,sdimariaga@opensource.org,8/25/64,9/9/00
588,Jeralee,Rawes,718-287-5526,jrawesgb@chron.com,1/19/76,8/31/14
589,Amory,Ewbanke,737-888-8777,aewbankegc@jugem.jp,1/14/63,1/12/76
590,Tiebout,Luxmoore,875-871-2583,tluxmooregd@bizjournals.com,11/19/94,5/16/95
591,Shaylynn,Diprose,792-640-7801,sdiprosege@nba.com,2/1/00,11/5/93
592,Aime,Buckle,299-370-1577,abucklegf@shop-pro.jp,8/7/80,2/4/24
593,Thia,Skeene,292-282-4349,tskeenegg@umn.edu,4/30/63,6/26/04
594,Sandro,Maycock,988-362-0180,smaycockgh@pcworld.com,3/6/98,10/23/10
595,Blair,Adamsson,560-402-3909,badamssongi@sina.com.cn,8/8/67,2/23/95
596,Ariela,Audus,290-634-1198,aaudusgj@unesco.org,3/2/59,10/26/07
597,Guthrie,Hamon,541-986-6198,ghamongk@mozilla.com,1/15/03,10/19/80
598,Lizzy,Toffoloni,539-887-4108,ltoffolonigl@google.nl,9/14/60,12/10/01
599,Ursa,Clemintoni,236-210-0879,uclemintonigm@webmd.com,6/17/91,4/16/11
600,Alexis,Drew,663-701-1409,adrewgn@wunderground.com,3/9/55,8/28/15
601,Korie,Perton,225-136-8722,kpertongo@mapquest.com,3/9/64,1/2/16
602,Kirstin,Ambrus,139-577-0800,kambrusgp@answers.com,5/1/02,9/20/81
603,Denny,Clemensen,695-738-3006,dclemensengq@wired.com,4/11/91,5/23/19
604,Dexter,Boeck,148-290-6819,dboeckgr@boston.com,12/17/94,10/18/89
605,Edithe,Cooksley,366-307-1972,ecooksleygs@google.com.hk,9/4/55,10/15/23
606,Michale,Toke,676-593-6123,mtokegt@github.io,5/26/62,12/1/85
607,Irene,Ryrie,820-312-3575,iryriegu@google.pl,11/11/61,12/1/12
608,Caria,Mottram,436-414-5278,cmottramgv@pagesperso-orange.fr,6/2/67,7/12/95
609,Phillis,Paskin,997-346-5586,ppaskingw@cyberchimps.com,7/28/85,9/28/08
610,Mayer,Bader,138-667-9336,mbadergx@wordpress.org,5/15/85,8/21/99
611,Bartram,Aldous,876-696-0521,baldousgy@wordpress.com,2/24/02,8/24/99
612,Ellwood,Hurch,885-616-3407,ehurchgz@umich.edu,10/31/99,1/7/78
613,Tory,Blackham,626-899-3886,tblackhamh0@scientificamerican.com,4/13/86,3/7/96
614,Alaric,Burrus,722-223-2331,aburrush1@barnesandnoble.com,11/3/88,7/25/89
615,Carrie,Craven,558-444-9450,ccravenh2@abc.net.au,1/31/01,12/27/00
616,Angelico,Hethron,617-925-2901,ahethronh3@sun.com,1/1/04,11/6/83
617,Lucilia,Housego,218-511-9341,lhousegoh4@cbsnews.com,8/8/85,4/16/17
618,Perl,Nuccii,188-335-2360,pnucciih5@instagram.com,6/13/51,3/31/82
619,Brigitte,Scourfield,843-721-3098,bscourfieldh6@bluehost.com,10/17/62,8/24/91
620,Arch,Bugdale,307-214-6468,abugdaleh7@vimeo.com,11/4/86,6/30/01
621,Reine,Coe,550-887-1340,rcoeh8@tuttocitta.it,8/28/74,12/5/03
622,Esdras,Gilston,957-902-9259,egilstonh9@yellowpages.com,11/12/52,10/27/76
623,Marcelia,Frankling,495-121-6312,mfranklingha@who.int,10/30/57,7/20/15
624,Latisha,Pedlingham,162-845-8111,lpedlinghamhb@prweb.com,2/19/92,2/28/99
625,Cori,Patmore,452-628-4209,cpatmorehc@1und1.de,8/21/03,5/2/77
626,Claretta,Dudley,956-690-8285,cdudleyhd@e-recht24.de,3/27/59,8/12/12
627,Misti,McKague,872-136-7230,mmckaguehe@amazonaws.com,6/30/00,4/27/94
628,Jethro,Lippini,548-912-1680,jlippinihf@unicef.org,9/13/73,6/18/94
629,Caralie,Ahearne,667-597-2320,cahearnehg@home.pl,1/17/85,3/8/85
630,Cozmo,Fernehough,574-569-2009,cfernehoughhh@unesco.org,3/30/86,12/5/11
631,Trumaine,Maffione,995-288-2197,tmaffionehi@studiopress.com,6/15/98,3/21/72
632,Felicia,Berringer,687-629-1746,fberringerhj@de.vu,11/29/68,1/22/13
633,Hesther,Vanelli,910-355-6177,hvanellihk@ft.com,10/14/58,8/10/85
634,Arthur,Mattheissen,865-279-0760,amattheissenhl@theglobeandmail.com,1/16/83,10/20/92
635,Charmion,Cairns,549-138-8016,ccairnshm@bigcartel.com,7/14/04,7/18/87
636,Eadmund,Jan,915-570-0192,ejanhn@macromedia.com,6/4/03,3/3/23
637,Orton,Knutton,150-232-9969,oknuttonho@reuters.com,8/22/00,12/2/15
638,Alex,Paddle,893-106-0290,apaddlehp@deviantart.com,6/30/71,6/19/11
639,Raynell,Stallen,305-329-5594,rstallenhq@hostgator.com,9/18/59,10/18/93
640,Anna-diane,Bulpitt,652-472-9569,abulpitthr@blinklist.com,5/23/81,10/20/23
641,Herc,Boyford,383-441-2695,hboyfordhs@redcross.org,6/9/57,1/17/89
642,Pearce,Sennett,675-641-7015,psennettht@netvibes.com,12/31/60,8/4/17
643,Dominica,Kimmitt,785-613-9815,dkimmitthu@dyndns.org,10/7/51,4/21/77
644,Sandra,Quimby,208-388-5867,squimbyhv@alexa.com,8/5/67,4/30/80
645,Persis,Sigge,741-866-3464,psiggehw@rediff.com,1/17/70,8/5/73
646,Linn,Oddy,863-680-9018,loddyhx@unc.edu,1/13/58,4/24/87
647,Kristi,Kerkham,465-660-3732,kkerkhamhy@canalblog.com,10/31/81,8/27/01
648,Enrika,Stadden,468-743-5086,estaddenhz@hibu.com,7/29/53,2/13/05
649,Gerladina,Baline,609-593-0549,gbalinei0@blogs.com,12/11/69,11/6/86
650,Sydel,Bleibaum,910-852-2278,sbleibaumi1@gravatar.com,2/14/59,12/31/10
651,Goldy,Seller,236-702-4004,gselleri2@symantec.com,11/7/90,6/29/78
652,Elvyn,Jesteco,877-718-6627,ejestecoi3@pagesperso-orange.fr,10/20/71,5/28/07
653,Tina,James,856-329-5083,tjamesi4@ehow.com,12/14/67,5/12/71
654,Carling,Wanklin,609-443-5899,cwanklini5@washington.edu,12/2/74,3/31/13
655,Desiree,Schultze,171-188-2499,dschultzei6@google.co.jp,12/1/01,4/30/87
656,Anita,Peyntue,318-211-9110,apeyntuei7@umich.edu,1/27/53,12/10/23
657,Callida,Farlowe,185-636-0280,cfarlowei8@vistaprint.com,8/25/87,11/21/01
658,Edd,Guitonneau,482-693-9474,eguitonneaui9@gravatar.com,8/24/56,3/12/81
659,Hamilton,Hek,754-206-6963,hhekia@infoseek.co.jp,2/1/55,9/24/09
660,Rollin,Pigny,112-987-2716,rpignyib@creativecommons.org,4/3/52,6/22/00
661,Mei,Walkowski,387-509-1453,mwalkowskiic@moonfruit.com,4/20/75,9/22/08
662,Josias,Spender,786-267-2793,jspenderid@about.com,11/30/92,7/19/06
663,Sissy,McCarrell,694-422-0627,smccarrellie@dropbox.com,2/8/67,4/30/82
664,Peg,Ashworth,228-268-7749,pashworthif@nyu.edu,6/17/04,4/16/10
665,Olivero,Newvill,483-520-5295,onewvillig@ox.ac.uk,11/16/98,2/12/92
666,Jaquenette,Franzel,553-127-2889,jfranzelih@symantec.com,9/4/90,7/19/22
667,Beret,Cotillard,114-508-3934,bcotillardii@unblog.fr,9/2/57,9/8/77
668,Joye,Henighan,593-589-8163,jhenighanij@archive.org,5/26/64,8/11/16
669,Aeriela,Sillitoe,619-762-6212,asillitoeik@seesaa.net,4/30/02,11/4/09
670,Cassaundra,Chantillon,920-615-2840,cchantillonil@ameblo.jp,9/14/69,5/20/05
671,Benetta,Bees,216-265-1462,bbeesim@examiner.com,1/14/59,1/2/00
672,Demetria,Edens,612-930-0069,dedensin@ow.ly,10/29/54,11/15/79
673,Pru,Kynd,224-102-4956,pkyndio@drupal.org,8/27/81,10/26/76
674,Kathy,Osgar,729-182-5860,kosgarip@independent.co.uk,3/10/98,11/18/89
675,Mollie,Farrer,396-385-3882,mfarreriq@paginegialle.it,9/15/81,1/12/12
676,Sky,Gundry,665-674-3499,sgundryir@google.pl,11/30/64,6/28/98
677,Honor,Wentworth,741-919-6749,hwentworthis@utexas.edu,6/27/85,9/2/96
678,Crawford,Bonafant,487-747-5567,cbonafantit@exblog.jp,4/11/51,11/15/82
679,Pattie,Bertenshaw,969-346-0782,pbertenshawiu@fda.gov,4/5/60,1/26/91
680,Barry,Hazle,974-723-3413,bhazleiv@redcross.org,9/20/62,3/24/93
681,Lynnett,O'Gormley,114-125-5905,logormleyiw@twitpic.com,3/17/87,3/18/77
682,Cross,Gallier,290-590-1304,cgallierix@prweb.com,4/13/98,10/22/94
683,Denna,Faltin,764-676-1806,dfaltiniy@fc2.com,3/16/83,10/31/72
684,Teador,Handrock,586-860-8368,thandrockiz@free.fr,4/20/60,4/12/15
685,Dion,Shaudfurth,435-968-0317,dshaudfurthj0@uol.com.br,5/4/94,11/7/85
686,Alaric,Guillou,821-235-3452,aguillouj1@spiegel.de,5/10/65,4/12/72
687,Lorilyn,Withrop,341-299-9876,lwithropj2@walmart.com,8/8/65,3/5/94
688,Lacee,Conklin,773-728-9628,lconklinj3@mediafire.com,9/29/89,10/30/78
689,Sibyl,Dyerson,233-837-2307,sdyersonj4@chron.com,10/30/63,7/19/93
690,Jordan,Derill,334-241-9512,jderillj5@wufoo.com,8/27/88,12/31/95
691,Horatius,Kemmons,215-289-4311,hkemmonsj6@ox.ac.uk,12/9/63,4/2/87
692,Noelani,Mewburn,682-479-8333,nmewburnj7@google.it,12/16/63,1/15/72
693,Lottie,Laughlin,774-122-1195,llaughlinj8@dmoz.org,12/29/99,6/28/09
694,Viola,Minney,810-867-4417,vminneyj9@infoseek.co.jp,2/19/59,1/18/09
695,Ingaborg,Ghent,259-112-4822,ighentja@dell.com,12/24/83,6/14/14
696,Howie,Cauley,965-665-5321,hcauleyjb@amazon.de,6/13/73,3/17/08
697,Jeth,Housby,756-834-0270,jhousbyjc@mozilla.com,12/27/65,1/5/08
698,Rhodie,Wildblood,158-374-1400,rwildbloodjd@nbcnews.com,11/6/59,1/16/97
699,Caro,MacCumeskey,677-973-7353,cmaccumeskeyje@cafepress.com,2/26/67,5/12/10
700,Leelah,Clipsham,188-897-9778,lclipshamjf@timesonline.co.uk,3/18/98,11/17/83
701,Carlen,Zoppie,472-193-3540,czoppiejg@economist.com,3/31/52,1/31/11
702,Phil,Vlies,298-357-8462,pvliesjh@phoca.cz,3/1/90,9/7/14
703,Etheline,Ciottoi,114-516-3298,eciottoiji@eventbrite.com,12/5/76,3/15/03
704,Bearnard,Dudney,256-455-0902,bdudneyjj@de.vu,5/21/84,5/1/72
705,Yolane,Elderton,354-963-3472,yeldertonjk@soup.io,8/15/77,12/7/10
706,Batsheva,Metterick,110-848-9302,bmetterickjl@senate.gov,10/29/67,10/12/84
707,Alane,Cattrell,501-426-2279,acattrelljm@barnesandnoble.com,3/31/82,10/23/05
708,Nonna,Reedshaw,508-452-9175,nreedshawjn@purevolume.com,6/12/76,3/9/20
709,Josepha,Grinval,662-868-4266,jgrinvaljo@mlb.com,12/2/99,2/10/75
710,Andriana,Waind,191-139-2458,awaindjp@google.com.br,3/5/01,5/8/79
711,Morey,Haylock,602-285-7478,mhaylockjq@wordpress.com,2/24/53,1/11/00
712,Ancell,Moralee,936-907-1631,amoraleejr@gov.uk,6/18/79,10/31/76
713,Forrester,Castilla,517-497-0040,fcastillajs@wikipedia.org,5/4/66,3/24/11
714,Lyle,Beauly,890-182-0255,lbeaulyjt@gnu.org,12/11/55,12/3/03
715,Bernadette,Flores,821-840-3156,bfloresju@altervista.org,11/21/68,5/8/95
716,Conny,Denys,716-829-2674,cdenysjv@marketwatch.com,8/29/55,11/3/19
717,Bevan,Dohmer,213-972-9123,bdohmerjw@hhs.gov,4/20/63,3/1/91
718,Benedict,Bagnold,138-196-9773,bbagnoldjx@merriam-webster.com,8/2/56,8/30/87
719,Blondie,Kernell,929-796-8257,bkernelljy@fda.gov,11/16/56,10/3/13
720,Leigh,Spier,965-113-6436,lspierjz@alibaba.com,2/7/86,3/19/88
721,Werner,Ivanovic,667-889-1936,wivanovick0@yolasite.com,6/6/91,12/26/91
722,Garek,Gwillyam,396-738-3120,ggwillyamk1@multiply.com,12/20/61,6/20/82
723,Klement,Grimsdith,755-740-1508,kgrimsdithk2@cnbc.com,5/24/67,2/27/98
724,Alix,Bartolomeu,617-477-7676,abartolomeuk3@disqus.com,12/2/76,1/8/80
725,Wallas,Rounsefell,822-213-9673,wrounsefellk4@livejournal.com,6/28/89,3/10/00
726,Adel,Seden,624-137-9109,asedenk5@walmart.com,3/28/95,1/3/08
727,Terence,Peacock,923-719-7938,tpeacockk6@wunderground.com,10/20/84,12/13/81
728,Lawrence,Gallihaulk,629-284-5200,lgallihaulkk7@princeton.edu,10/13/58,9/10/98
729,Quintus,Stiegers,257-247-0919,qstiegersk8@icq.com,12/30/56,12/30/03
730,Joanne,Skurray,650-972-7080,jskurrayk9@theguardian.com,3/11/74,3/25/19
731,Herc,Shulem,128-612-1178,hshulemka@delicious.com,2/12/73,9/23/09
732,Collin,Everleigh,550-163-0838,ceverleighkb@home.pl,2/11/95,10/29/22
733,Rodrigo,Aykroyd,376-622-7863,raykroydkc@prlog.org,1/27/84,12/14/08
734,Janessa,Scanlin,579-150-3561,jscanlinkd@webnode.com,10/2/66,8/5/22
735,Hetti,Cocker,279-439-0534,hcockerke@nhs.uk,10/24/61,1/15/71
736,Shana,Fratczak,815-843-4402,sfratczakkf@pbs.org,5/31/97,11/10/97
737,Hayley,Humbey,788-969-2765,hhumbeykg@yolasite.com,8/1/69,2/19/23
738,Josie,Insull,786-686-7089,jinsullkh@soundcloud.com,1/13/70,11/7/71
739,May,Bygate,292-835-3522,mbygateki@nytimes.com,6/18/53,8/30/94
740,Granny,Parrish,849-102-3547,gparrishkj@tmall.com,7/1/88,2/9/10
741,Vonni,Godlonton,938-217-1385,vgodlontonkk@addtoany.com,3/19/51,12/21/72
742,Bertina,Rathborne,291-703-0461,brathbornekl@mail.ru,6/15/03,4/7/74
743,Catriona,Woolf,686-734-2915,cwoolfkm@odnoklassniki.ru,5/26/54,12/12/08
744,Drew,Rummery,471-566-6133,drummerykn@bizjournals.com,5/13/01,4/23/85
745,Jefferey,Titterton,298-139-0054,jtittertonko@pbs.org,2/28/63,1/22/24
746,Deina,Basset,479-406-1471,dbassetkp@qq.com,12/18/54,1/6/80
747,Fredericka,Naden,608-394-7880,fnadenkq@clickbank.net,12/5/86,7/15/07
748,Verene,Banaszewski,207-357-4496,vbanaszewskikr@reddit.com,1/26/52,5/22/80
749,Angelique,Colebrook,659-990-4549,acolebrookks@ning.com,6/20/85,4/16/00
750,Nichol,Morigan,486-770-7750,nmorigankt@homestead.com,4/21/80,8/16/79
751,Gardiner,Harbison,571-443-6058,gharbisonku@geocities.com,12/28/74,5/4/71
752,Suzie,Hallewell,831-574-3790,shallewellkv@toplist.cz,6/10/57,4/9/75
753,Jenn,Jeff,512-483-7776,jjeffkw@technorati.com,8/11/71,9/9/06
754,Mara,Echalie,965-805-5807,mechaliekx@nbcnews.com,4/10/03,2/17/04
755,Waldemar,Badger,269-471-7089,wbadgerky@friendfeed.com,1/14/02,10/13/85
756,Emelyne,Austick,204-862-5628,eaustickkz@linkedin.com,11/21/94,12/11/97
757,Rolland,Dearle-Palser,279-254-8730,rdearlepalserl0@123-reg.co.uk,7/6/56,8/27/23
758,Cale,Hagland,721-841-5163,chaglandl1@ovh.net,7/28/01,12/10/07
759,Kirsteni,Hovard,819-258-2385,khovardl2@cnn.com,3/9/76,12/19/73
760,Joby,Coverley,194-720-9393,jcoverleyl3@reference.com,5/12/69,8/7/99
761,Min,Petegree,872-615-6311,mpetegreel4@globo.com,2/18/93,9/29/21
762,Zedekiah,McIlwraith,694-169-7928,zmcilwraithl5@indiatimes.com,1/27/66,2/2/22
763,Calley,Stranieri,256-669-7918,cstranieril6@cargocollective.com,12/16/91,5/29/20
764,Shannen,Shallcrass,475-192-3120,sshallcrassl7@tmall.com,11/20/54,10/24/82
765,Eartha,MacKnight,415-413-4924,emacknightl8@sphinn.com,12/3/88,1/22/73
766,Isaak,Thripp,687-657-5122,ithrippl9@yahoo.co.jp,2/25/55,5/17/14
767,Darnall,Keigher,965-299-1651,dkeigherla@live.com,7/18/69,4/11/87
768,Tyne,Sheekey,647-698-5437,tsheekeylb@comsenz.com,2/16/90,2/27/78
769,Dyana,Franciottoi,839-301-0648,dfranciottoilc@last.fm,3/29/86,8/21/78
770,Kelbee,McPhilemy,949-940-6881,kmcphilemyld@umn.edu,8/23/70,5/19/12
771,Evelina,Bert,280-779-4377,ebertle@livejournal.com,2/6/74,8/16/24
772,Urson,Perks,297-164-9993,uperkslf@dell.com,1/13/87,7/31/17
773,Tasia,Calton,726-988-3082,tcaltonlg@google.es,12/2/86,8/18/24
774,Katrine,Pilgram,450-689-9125,kpilgramlh@blogger.com,9/9/96,4/28/12
775,Mathilda,Colquhoun,423-428-8988,mcolquhounli@jiathis.com,5/17/59,9/28/90
776,Lian,Guilfoyle,509-920-5157,lguilfoylelj@apache.org,4/30/62,9/1/82
777,Edgardo,Amburgy,470-512-9455,eamburgylk@networkadvertising.org,7/25/57,11/25/79
778,Torey,Finlason,642-357-5538,tfinlasonll@unesco.org,1/20/81,1/29/09
779,Homere,Bruster,499-572-7611,hbrusterlm@uol.com.br,6/24/84,8/3/94
780,Meredeth,Scotchmur,198-561-5468,mscotchmurln@ihg.com,5/10/55,10/17/80
781,Olive,Duguid,824-819-0955,oduguidlo@vkontakte.ru,9/26/61,7/29/78
782,Kiersten,Kneal,889-189-2358,kkneallp@1und1.de,4/28/64,5/2/17
783,Mellicent,Edds,534-927-7893,meddslq@liveinternet.ru,11/18/85,7/4/13
784,Roch,Merryman,711-382-6120,rmerrymanlr@mozilla.org,6/22/88,9/6/19
785,Lazar,Meaton,457-996-8229,lmeatonls@google.pl,3/28/98,7/7/22
786,Benjy,Munehay,967-831-1861,bmunehaylt@oaic.gov.au,9/19/83,2/12/81
787,Hestia,Shelmerdine,753-595-3528,hshelmerdinelu@indiatimes.com,4/22/71,10/5/73
788,Jermaine,Chesters,470-263-5028,jchesterslv@google.co.jp,10/21/02,12/5/03
789,Jeth,Kift,909-181-9549,jkiftlw@chron.com,4/14/97,9/6/76
790,Clemens,Ledington,539-209-0841,cledingtonlx@prweb.com,3/5/62,9/9/04
791,Bernadette,Jojic,805-186-7176,bjojicly@archive.org,6/7/66,9/22/17
792,Saw,Dinesen,991-662-5876,sdinesenlz@stumbleupon.com,9/3/88,12/7/99
793,Cacilia,Battleson,343-608-4747,cbattlesonm0@xrea.com,8/16/90,7/25/82
794,Owen,Harwell,144-883-2828,oharwellm1@washington.edu,6/21/82,5/1/10
795,Berget,Goranov,260-378-8574,bgoranovm2@deviantart.com,1/20/53,10/26/21
796,Shauna,Iscowitz,293-165-5742,siscowitzm3@engadget.com,6/19/65,1/2/14
797,Amandy,Gettens,460-969-1912,agettensm4@wikimedia.org,5/25/59,7/11/99
798,Myrtice,Tenney,159-326-9399,mtenneym5@ted.com,11/21/74,12/31/96
799,Sari,Dewan,193-761-3539,sdewanm6@china.com.cn,4/6/69,10/17/20
800,Reece,Richardt,110-373-0514,rrichardtm7@upenn.edu,5/13/56,10/23/01
801,Perrine,Conws,325-649-8812,pconwsm8@about.me,10/21/57,11/24/80
802,Andris,Linster,344-262-8035,alinsterm9@nifty.com,12/24/93,11/27/88
803,Reuven,Sabate,114-239-8313,rsabatema@marketwatch.com,5/29/84,12/26/22
804,Ayn,Pittwood,518-456-6948,apittwoodmb@princeton.edu,8/4/89,11/10/21
805,Pen,Dando,410-404-3293,pdandomc@aol.com,7/16/58,9/19/13
806,Alfi,Boucher,308-178-3534,abouchermd@yahoo.co.jp,5/13/74,6/10/80
807,Mohammed,Noble,343-430-3277,mnobleme@ucsd.edu,11/6/75,11/4/21
808,Starlin,Faulder,217-616-4222,sfauldermf@kickstarter.com,6/13/74,6/23/95
809,Ema,Earnshaw,427-886-0980,eearnshawmg@wordpress.com,6/18/63,10/15/02
810,Dwain,Hurling,265-965-5662,dhurlingmh@soup.io,11/17/79,8/8/89
811,Hulda,Dmytryk,995-282-9513,hdmytrykmi@amazon.co.uk,12/12/92,2/10/08
812,Kylie,Canto,287-188-7977,kcantomj@indiatimes.com,8/22/88,11/21/75
813,Corey,Girdlestone,550-197-9381,cgirdlestonemk@google.com.hk,7/30/85,11/15/09
814,Morgen,Cuell,110-398-1323,mcuellml@list-manage.com,7/31/81,6/24/07
815,Rustie,Molohan,132-156-0478,rmolohanmm@dmoz.org,1/13/56,2/22/89
816,Marguerite,Traut,438-242-8902,mtrautmn@live.com,12/27/65,9/11/77
817,Minette,Wathan,680-499-7817,mwathanmo@instagram.com,6/24/95,1/29/07
818,Gorden,Singleton,515-734-7662,gsingletonmp@sina.com.cn,4/25/92,5/24/71
819,Donal,Hazel,333-400-6225,dhazelmq@mediafire.com,12/10/84,7/11/22
820,Jone,Delaney,517-839-1020,jdelaneymr@wikia.com,9/16/00,6/13/74
821,Tadeo,Hartness,569-404-7631,thartnessms@yale.edu,12/1/85,8/15/05
822,Leonardo,Wewell,160-740-1644,lwewellmt@rediff.com,10/14/55,3/21/01
823,Karry,Bilborough,177-827-5873,kbilboroughmu@webs.com,8/19/66,7/24/22
824,Manda,Ginnane,113-774-3774,mginnanemv@woothemes.com,9/5/69,2/2/95
825,Bobbie,Blease,833-711-3029,bbleasemw@psu.edu,9/21/03,6/9/75
826,Sandye,Learmond,867-778-6388,slearmondmx@altervista.org,10/24/67,6/18/79
827,Eolanda,Cartmel,393-792-7795,ecartmelmy@discovery.com,4/10/03,6/13/09
828,Jaimie,Landor,684-776-1598,jlandormz@cbslocal.com,8/27/51,9/23/77
829,Emmalyn,Waddell,104-105-1930,ewaddelln0@123-reg.co.uk,4/12/72,11/23/94
830,Margaretta,Bass,762-378-9267,mbassn1@delicious.com,3/18/53,3/24/82
831,Eveleen,Treagust,236-158-5316,etreagustn2@newyorker.com,7/26/97,3/11/82
832,Thedric,Goady,935-841-6640,tgoadyn3@timesonline.co.uk,2/9/85,10/25/13
833,Averil,Bes,334-124-7568,abesn4@vkontakte.ru,8/21/85,7/21/94
834,Cindy,Leteurtre,438-428-4475,cleteurtren5@simplemachines.org,4/23/62,6/4/14
835,Willabella,Duny,190-742-5111,wdunyn6@shutterfly.com,2/22/53,1/12/09
836,Beatrisa,Phelips,716-705-8479,bphelipsn7@wired.com,10/8/00,6/3/01
837,Nev,Laugharne,254-552-4793,nlaugharnen8@sbwire.com,5/30/94,4/30/90
838,Aubry,Cajkler,643-697-4573,acajklern9@mapquest.com,9/23/97,5/9/90
839,Yoko,Leeke,500-657-0756,yleekena@columbia.edu,10/30/57,6/7/11
840,Maxy,Pontin,631-553-1457,mpontinnb@forbes.com,8/2/72,11/9/15
841,Sallyanne,Dammarell,920-523-7762,sdammarellnc@unc.edu,12/9/59,2/24/77
842,Vernon,Nower,325-842-2279,vnowernd@google.nl,1/20/03,11/25/06
843,Sibyl,Dumberrill,379-497-8683,sdumberrillne@cornell.edu,5/1/62,3/8/89
844,Xena,Campione,250-125-5485,xcampionenf@wikipedia.org,3/10/96,3/21/91
845,Levi,Labusch,383-601-8046,llabuschng@google.ca,2/5/02,11/18/79
846,Daile,Willicott,582-616-0731,dwillicottnh@indiegogo.com,12/17/72,10/24/87
847,Donnie,Varley,125-139-5615,dvarleyni@google.co.uk,3/14/87,8/8/83
848,Clarinda,Mitten,402-249-4368,cmittennj@pbs.org,1/13/54,4/1/72
849,Merilyn,O'Drought,449-298-0578,modroughtnk@icio.us,8/5/99,9/7/02
850,Hana,Anthoine,994-881-0994,hanthoinenl@webnode.com,11/9/82,3/23/11
851,Corabelle,Zorzenoni,598-174-7597,czorzenoninm@unesco.org,3/29/56,12/26/16
852,Thorin,Jozef,240-163-3715,tjozefnn@linkedin.com,1/20/59,8/9/86
853,Esra,Siggins,827-323-1414,esigginsno@ocn.ne.jp,1/4/51,6/9/24
854,Chelsae,Oleshunin,706-742-1719,coleshuninnp@merriam-webster.com,1/23/73,9/24/99
855,Yehudit,Petyankin,524-889-0007,ypetyankinnq@engadget.com,3/25/77,3/23/03
856,Michal,Abrashkov,792-992-2146,mabrashkovnr@symantec.com,2/7/90,1/4/14
857,Marne,Rosson,142-606-7321,mrossonns@opensource.org,9/22/87,12/24/11
858,Alex,Heppenspall,620-348-4418,aheppenspallnt@netvibes.com,12/1/83,8/30/08
859,Ad,Lambol,799-995-7918,alambolnu@theguardian.com,9/14/83,3/16/00
860,Darice,Maddrell,318-208-5733,dmaddrellnv@altervista.org,6/2/52,11/23/85
861,Esther,Battlestone,803-514-4057,ebattlestonenw@cam.ac.uk,10/3/02,4/24/12
862,Maddy,Hanwell,752-617-7799,mhanwellnx@slate.com,5/12/91,8/16/00
863,Giorgi,Alessandrucci,144-959-8066,galessandrucciny@japanpost.jp,3/19/57,6/8/86
864,Aura,Cardnell,769-563-5739,acardnellnz@time.com,12/26/82,10/19/76
865,Martie,Mingus,382-283-0933,mminguso0@newyorker.com,6/2/01,5/18/74
866,Janine,Zealey,779-190-8369,jzealeyo1@sitemeter.com,12/3/55,9/15/99
867,Adriena,Berceros,936-276-1119,aberceroso2@reference.com,1/2/81,11/24/08
868,Cob,Westcarr,174-886-0164,cwestcarro3@newsvine.com,4/3/79,1/22/11
869,Mechelle,Medling,776-598-5441,mmedlingo4@aol.com,10/14/79,7/5/91
870,Sal,Flipek,645-517-7601,sflipeko5@ebay.co.uk,5/17/68,5/15/71
871,Jack,McGerr,577-763-4775,jmcgerro6@mlb.com,4/22/64,8/31/21
872,Tierney,Roizn,868-194-7659,troizno7@washington.edu,6/11/66,8/16/22
873,Helenelizabeth,Perl,253-723-6826,hperlo8@pagesperso-orange.fr,7/25/58,9/25/03
874,Manda,Ching,176-862-0122,mchingo9@usda.gov,1/29/78,7/2/12
875,Simone,Woollacott,960-448-1279,swoollacottoa@ehow.com,4/16/83,5/17/17
876,Alie,Drewett,866-711-0081,adrewettob@boston.com,5/5/01,6/22/91
877,Giovanna,Ingerman,549-694-0520,gingermanoc@ebay.com,1/1/04,4/11/84
878,Talia,Bendixen,785-539-1475,tbendixenod@cbc.ca,6/8/74,5/26/99
879,Friederike,Chillingsworth,132-214-5679,fchillingsworthoe@dell.com,5/4/87,4/6/14
880,Kellia,Feasey,727-494-7704,kfeaseyof@nature.com,6/1/63,10/21/23
881,Saunders,Klarzynski,114-259-5433,sklarzynskiog@sina.com.cn,11/16/53,8/31/96
882,Carmel,Dominey,192-704-3807,cdomineyoh@si.edu,12/7/66,9/22/86
883,Shaun,Healing,966-878-9160,shealingoi@facebook.com,8/1/76,8/1/80
884,Danit,Drain,156-991-4653,ddrainoj@springer.com,4/30/95,10/10/22
885,Kattie,Crumley,363-390-5223,kcrumleyok@uiuc.edu,10/16/81,10/16/90
886,North,Creasey,268-619-3244,ncreaseyol@bbc.co.uk,6/17/63,8/1/01
887,Arvin,Sandels,931-759-9335,asandelsom@paginegialle.it,1/24/04,11/25/95
888,Granny,Style,855-968-2361,gstyleon@flavors.me,12/21/53,2/5/12
889,Thorpe,Bastick,666-400-6083,tbastickoo@dell.com,10/25/79,3/28/92
890,Mignonne,Shatliff,193-602-3502,mshatliffop@pbs.org,5/6/53,1/15/73
891,Giordano,Stallwood,794-746-3722,gstallwoodoq@nature.com,7/17/65,1/29/71
892,Jodi,Girkins,368-345-7642,jgirkinsor@hao123.com,9/3/72,6/26/75
893,Jasen,Donahue,879-500-2031,jdonahueos@wordpress.org,6/4/70,3/21/13
894,Keary,Mattheissen,910-627-9840,kmattheissenot@abc.net.au,11/17/88,11/10/71
895,Grant,O'Hear,804-589-2922,gohearou@adobe.com,6/26/89,2/21/75
896,Budd,Buffery,523-946-0845,bbufferyov@soundcloud.com,1/13/66,5/2/88
897,Perren,Adame,730-266-5932,padameow@redcross.org,2/17/73,8/15/93
898,Kalila,Rangle,798-998-9205,krangleox@cornell.edu,12/4/68,4/14/78
899,Tilly,Dannohl,947-334-4641,tdannohloy@dedecms.com,7/16/69,6/5/87
900,Bonnie,Crosswaite,534-269-4903,bcrosswaiteoz@noaa.gov,4/19/90,10/14/04
901,Christen,Petto,285-286-7667,cpettop0@taobao.com,12/4/85,7/18/75
902,Melisandra,Whittington,600-194-4814,mwhittingtonp1@rambler.ru,12/5/62,3/11/74
903,Latia,Kelemen,637-736-8419,lkelemenp2@comcast.net,11/27/81,1/8/99
904,Haven,Wesson,365-999-2015,hwessonp3@gov.uk,5/11/62,9/23/00
905,Hendrick,Dunkley,351-146-8988,hdunkleyp4@columbia.edu,8/9/78,4/13/84
906,Paula,Cornil,266-740-1599,pcornilp5@pen.io,9/18/65,2/8/73
907,Saidee,Syer,130-556-5970,ssyerp6@altervista.org,2/13/60,1/14/14
908,Hakim,Skaife,176-484-4875,hskaifep7@ihg.com,4/4/87,7/28/04
909,Lisa,Bagworth,414-933-2931,lbagworthp8@state.gov,4/11/99,12/21/93
910,Koressa,Branni,212-517-8420,kbrannip9@businesswire.com,8/12/83,3/19/71
911,Livvie,Hedau,760-984-5165,lhedaupa@tripadvisor.com,7/19/01,7/6/24
912,Gabriellia,Bransden,972-738-6872,gbransdenpb@hugedomains.com,3/11/92,10/30/94
913,Sollie,Bagehot,827-407-9401,sbagehotpc@tamu.edu,10/7/94,10/3/75
914,Jaclin,Bladder,822-819-2679,jbladderpd@google.ca,8/15/56,4/7/02
915,Haily,Tullot,725-810-7504,htullotpe@census.gov,5/2/62,6/18/87
916,Percival,Elnough,601-944-7425,pelnoughpf@livejournal.com,2/1/59,7/26/09
917,Gianni,Flag,147-735-1130,gflagpg@bizjournals.com,3/26/98,12/22/06
918,Orv,Yantsev,187-295-0183,oyantsevph@nps.gov,10/29/68,5/6/10
919,Nerte,Steptow,704-464-7082,nsteptowpi@reverbnation.com,10/1/62,8/1/74
920,Deane,Jennemann,306-667-0102,djennemannpj@google.com,5/11/00,4/21/77
921,Sibella,Elson,747-204-2231,selsonpk@shop-pro.jp,1/17/77,4/2/81
922,Madonna,Swatheridge,575-273-1695,mswatheridgepl@sakura.ne.jp,5/4/72,10/2/85
923,Zuzana,Fenkel,912-470-3591,zfenkelpm@qq.com,3/15/54,11/29/81
924,Branden,Janaszkiewicz,161-753-2280,bjanaszkiewiczpn@etsy.com,1/3/59,9/11/91
925,Nelle,Coomber,549-393-4367,ncoomberpo@who.int,5/15/65,3/17/78
926,Jobey,Haliburton,838-772-5587,jhaliburtonpp@oracle.com,3/11/99,8/4/74
927,Chauncey,Dowsing,385-295-6061,cdowsingpq@oracle.com,4/23/55,11/6/03
928,Cecilius,Ortzen,316-749-4533,cortzenpr@comcast.net,6/20/82,8/9/05
929,Burke,Jimeno,520-494-7727,bjimenops@phpbb.com,8/4/77,5/1/84
930,Paulo,Jerche,178-691-4060,pjerchept@hubpages.com,1/2/62,2/21/78
931,Lucho,Corteis,714-883-1404,lcorteispu@vistaprint.com,9/12/72,7/16/75
932,Durward,Wordsley,418-144-3701,dwordsleypv@lulu.com,6/27/68,8/15/05
933,Dalt,Rothermel,884-650-5726,drothermelpw@example.com,2/24/75,7/8/88
934,Meryl,McCaughey,163-966-4177,mmccaugheypx@google.cn,5/30/82,2/26/97
935,Anthia,Scrancher,525-295-5934,ascrancherpy@archive.org,7/10/04,7/21/15
936,Osborn,Coom,417-986-6134,ocoompz@google.com.br,8/16/90,6/5/77
937,Romy,Russo,799-334-8088,rrussoq0@furl.net,3/28/67,8/21/99
938,Felice,Tocqueville,435-213-9418,ftocquevilleq1@arizona.edu,6/8/68,10/19/94
939,Barbra,Hehl,281-452-4843,bhehlq2@php.net,3/28/78,4/30/81
940,Walker,Gale,199-376-3852,wgaleq3@irs.gov,9/24/01,5/8/16
941,Thorsten,Cruft,915-638-7247,tcruftq4@chicagotribune.com,6/4/66,12/25/76
942,Virgina,Scollan,473-247-5672,vscollanq5@who.int,8/28/63,12/17/84
943,Vivianne,Guppey,352-465-4830,vguppeyq6@mysql.com,5/28/90,2/15/05
944,Kata,Daviot,564-895-9270,kdaviotq7@vinaora.com,3/27/65,6/22/18
945,Davie,O' Kelleher,693-940-0225,dokelleherq8@gmpg.org,7/26/70,12/9/84
946,Lynett,McGrane,607-237-4925,lmcgraneq9@senate.gov,8/10/88,3/19/96
947,Brendis,Pavlata,881-105-1084,bpavlataqa@webnode.com,7/15/82,7/11/11
948,Dougy,Beauman,846-583-1292,dbeaumanqb@cnn.com,4/28/02,8/1/24
949,Farrel,Fusco,342-715-5636,ffuscoqc@youku.com,8/8/00,4/9/04
950,Moss,Woolfoot,757-762-7938,mwoolfootqd@joomla.org,2/16/75,6/19/04
951,Joachim,Thickett,971-850-4782,jthickettqe@hexun.com,6/5/89,5/3/87
952,Randell,Insall,487-196-2916,rinsallqf@hhs.gov,2/16/57,2/19/93
953,Fey,Folland,112-736-8756,ffollandqg@blogspot.com,10/14/84,5/7/14
954,Tallulah,Fredson,962-669-1713,tfredsonqh@usatoday.com,7/9/58,12/10/95
955,Rois,Loblie,946-884-7871,rloblieqi@wikimedia.org,2/15/55,4/20/80
956,Bren,Antill,272-823-6289,bantillqj@ibm.com,3/23/95,9/17/19
957,Jaquelin,Glusby,845-307-8144,jglusbyqk@feedburner.com,1/29/91,10/9/16
958,Nickie,Denmead,858-235-2943,ndenmeadql@live.com,2/26/60,9/17/71
959,Avram,Benzie,598-861-2465,abenzieqm@ifeng.com,7/12/81,9/10/73
960,Davida,Helin,112-982-2047,dhelinqn@microsoft.com,11/3/73,1/20/92
961,Aleksandr,Eagan,374-567-9984,aeaganqo@intel.com,6/10/74,9/30/03
962,Marni,Guyver,613-446-8464,mguyverqp@ebay.co.uk,4/1/01,6/11/15
963,Rubetta,Kielt,448-536-0688,rkieltqq@vinaora.com,4/12/71,2/24/71
964,Teresita,Laden,886-942-1446,tladenqr@dmoz.org,1/2/71,3/7/10
965,Ruttger,Bowkley,277-763-2577,rbowkleyqs@ning.com,6/4/68,12/28/77
966,Ronny,De la Zenne,169-902-9160,rdelazenneqt@java.com,5/2/83,1/22/77
967,Wendall,Lifton,698-756-6535,wliftonqu@de.vu,7/25/61,2/20/09
968,Caleb,Sowerby,212-919-7997,csowerbyqv@prlog.org,10/21/87,1/4/21
969,Kim,Le Noir,922-754-4847,klenoirqw@earthlink.net,9/5/75,10/4/02
970,Brittany,von Grollmann,899-841-3290,bvongrollmannqx@nasa.gov,5/16/97,4/25/84
971,Domeniga,Lambdon,769-332-9127,dlambdonqy@constantcontact.com,4/12/98,4/25/85
972,Nichols,Bransby,978-737-9121,nbransbyqz@163.com,12/23/80,4/5/01
973,Allene,Etchells,605-879-2609,aetchellsr0@diigo.com,12/29/77,5/17/18
974,Linnie,Imlock,752-829-5729,limlockr1@comcast.net,1/12/63,3/29/72
975,Jules,Durrad,312-288-9614,jdurradr2@goodreads.com,9/17/03,6/11/01
976,Valle,McKeaney,709-407-3249,vmckeaneyr3@slideshare.net,1/30/63,10/11/10
977,Cchaddie,Woolley,502-382-5369,cwoolleyr4@google.it,3/20/80,3/20/99
978,Jolie,Ribchester,219-162-0742,jribchesterr5@usatoday.com,6/12/80,5/5/71
979,Egan,Grafom,644-879-6591,egrafomr6@thetimes.co.uk,1/14/62,11/9/14
980,Melantha,Santi,229-699-0556,msantir7@t-online.de,9/4/83,10/10/91
981,Dorian,Pittet,915-613-5524,dpittetr8@prnewswire.com,11/6/95,5/22/13
982,Winifred,Crowley,330-968-4964,wcrowleyr9@hugedomains.com,5/18/03,8/15/87
983,Franz,Gabbatiss,510-672-8897,fgabbatissra@yelp.com,8/8/98,8/1/81
984,Philbert,Canacott,276-262-1784,pcanacottrb@51.la,10/1/91,3/21/74
985,Woodie,Posnette,409-697-2640,wposnetterc@globo.com,2/8/64,1/12/13
986,Robin,Giddons,833-259-6308,rgiddonsrd@prnewswire.com,12/25/63,10/13/18
987,Loni,Baalham,206-481-0015,lbaalhamre@vinaora.com,6/27/90,10/29/97
988,Franciskus,Scragg,713-515-5321,fscraggrf@freewebs.com,12/14/72,6/26/84
989,Sherill,Dagleas,701-550-6157,sdagleasrg@sphinn.com,5/27/87,11/11/90
990,Lauri,Suermeier,322-420-8270,lsuermeierrh@statcounter.com,8/25/72,4/24/72
991,Ninetta,Roddick,672-720-6165,nroddickri@java.com,5/21/60,12/31/06
992,Dale,Mizzi,688-473-8631,dmizzirj@accuweather.com,2/5/55,11/7/17
993,Andeee,Merrifield,848-656-1814,amerrifieldrk@artisteer.com,8/8/80,10/20/94
994,Birgit,Birchenhead,739-927-5799,bbirchenheadrl@ow.ly,6/25/94,9/18/78
995,Bradley,Thying,389-644-8535,bthyingrm@tmall.com,1/21/89,10/12/20
996,Miguelita,Garry,560-499-4629,mgarryrn@soup.io,4/27/77,1/18/00
997,Abran,Ponnsett,574-870-3357,aponnsettro@bigcartel.com,4/12/76,2/21/86
998,Nydia,Berrey,141-321-6084,nberreyrp@epa.gov,7/18/69,12/13/98
999,Tiphany,Rostern,393-971-1596,trosternrq@accuweather.com,6/27/04,7/23/04
1000,Eal,Tubritt,998-817-7395,etubrittrr@forbes.com,3/2/60,3/7/15